residue_number,dist_STI1,weighted_mean,weighted_std,unbound_mean,unbound_std,bound_mean,bound_std
75,-71,47.727012023429566,45.14812767161837,58.851743275847504,67.13804384441205,45.77357810343695,43.852859868867235
76,-70,53.17696577533657,49.23766032168618,50.166796241257124,54.31884749628132,53.70553290557816,50.47507357846935
77,-69,55.97224066504228,49.374954141062894,52.13586226794024,52.3787771435983,56.64588495547833,50.07123677791148
78,-68,60.678781563489956,51.31436765201826,46.19469912168153,44.137571248911904,63.22209675015115,53.99997555632795
79,-67,53.56780506504505,45.235277918182014,42.102622717533386,38.522500950011185,55.58102008915299,47.85928695557651
80,-66,53.27444321696881,42.861841645734955,41.61483484241038,35.803217308504955,55.32179824747732,44.955357350378435
81,-65,49.57220631973731,41.212706628987654,36.397378394997546,32.171226633315726,51.88562452052842,43.6665541876745
82,-64,44.70745204866385,36.16201196037223,35.95650743858669,29.34796040208095,46.24406373351567,38.29224409036155
83,-63,41.46803820120279,33.141074210418815,34.51453512277763,28.6755930257398,42.689030283435486,34.97221131904919
84,-62,39.09532457152922,30.035272674778245,31.59774520698211,24.324196564824703,40.4118530805087,31.644595407413195
85,-61,39.1244448050514,29.62198943125014,28.569578688118945,22.862940702454633,40.977813936041926,31.348513866382934
86,-60,38.860221283830676,29.979177930573854,29.444996075705273,24.64322258333996,40.51347652825954,31.635134817258688
87,-59,35.042053109087476,27.17465150793513,27.680440229560077,21.6835456977377,36.33470674524591,28.481674040983723
88,-58,32.98148547211119,27.545426512876727,23.7298402822451,19.171971216628926,34.6060170782741,29.41189365117924
89,-57,34.47384385756239,26.41345379055645,25.191387464004055,19.742095696707548,36.10378572030075,27.808633077553438
90,-56,31.7128728956133,24.47703533456222,24.40506046400504,19.83148108437692,32.99607950626691,25.55247323775392
91,-55,31.20786474934804,23.127862167087994,23.856538652213693,18.0423728877383,32.49871209021736,24.280849721858363
92,-54,28.233385289575477,21.074634904708855,23.015443513403376,18.000320654863373,29.14962355428914,21.937310053944046
93,-53,29.381713118402605,21.897774883064642,23.78748497530209,18.885951650921122,30.364024939062073,22.627694361433708
94,-52,29.280901522132964,21.699108787409454,22.253235766690697,17.808783503878473,30.514916111210596,22.53349252775477
95,-51,26.729760848875664,20.64087415180867,21.395881071758094,18.260175847672432,27.666357108629775,21.323093279770685
96,-50,25.949501044861552,20.34894715862025,22.094290130615875,17.63039510423703,26.626452208690925,21.033722909997262
97,-49,26.900304945387422,20.917213836588175,22.12864482472855,17.31605755249084,27.738178914913235,21.643311273065716
98,-48,27.571746444001917,21.53125819479387,22.723632513848493,17.45545496462116,28.423045229048274,22.347537141809276
99,-47,29.571965517796354,22.85541472736001,24.93260224067437,19.244188313980118,30.3866089808219,23.675174224545355
100,-46,30.740929715498876,23.6966925250351,24.77354723639706,19.306326937008286,31.788765126867908,24.718509548784297
101,-45,32.36928957753147,25.160511483167415,26.550705333962153,19.845671294148275,33.39099694014776,26.37768761090934
102,-44,31.643785525284688,24.315008375887462,26.898860330533616,19.860659494589818,32.476965007372385,25.30763356168908
103,-43,32.49305621681588,25.117976171053268,26.929824867475087,20.153428311409215,33.46992519243333,26.202917837633326
104,-42,32.218360992944206,25.85262431633174,27.65717255513273,20.770708630825677,33.019277438270706,26.9391434800408
105,-41,34.03584064803211,26.51513485523431,29.71624306569261,23.005537274605494,34.7943352351464,27.329305803690474
106,-40,34.3560671474104,26.083522614361545,32.29313029213494,24.373140484036277,34.71830608482492,26.545163838698052
107,-39,33.49810447919755,25.44755281676619,30.925141350276142,22.71353057005254,33.94990087201677,26.073216528009304
108,-38,33.49793663561447,25.014918253529686,31.065553159757133,23.553516563839015,33.925048111870275,25.456449293584583
109,-37,34.89479089445311,25.844824171800994,31.630160672920667,23.138657513637447,35.46803974570859,26.484054218446396
110,-36,35.65278168396395,26.655876153436385,31.87969910291733,23.744789434663023,36.31531162104878,27.3620293399458
111,-35,36.774932239254,27.475503306838068,31.16358052346018,24.19970193970754,37.760250853243726,28.222681646502934
112,-34,36.654832225661096,27.6194466559061,33.37818309732028,25.05505095689505,37.23019152252717,28.22287442427549
113,-33,38.66009802224006,28.88606071361841,32.63391217665623,24.96630074296962,39.71825894063387,29.71047377761711
114,-32,37.547716240090466,28.076037308416083,33.64346708285716,25.39627354974571,38.23327821572781,28.670513413240243
115,-31,39.37062938083202,29.074940212027787,37.07324394988105,28.39981192526979,39.7740360363538,29.37297077320656
116,-30,40.83965606909113,29.999061933366562,38.1767518966763,28.649893043019436,41.30724555220376,30.437548823430443
117,-29,41.97826784045098,30.86106248874396,38.9874985481875,28.426352201069854,42.50342840836223,31.482088358114126
118,-28,40.97825403086557,29.633265813566577,39.33418657898536,28.864717993708414,41.26694209481863,29.941784657668098
119,-27,43.44408602641681,31.328725235841855,41.16295233335934,29.741573350324323,43.84463897740052,31.748017705480663
120,-26,45.84756447638595,32.74102542455928,44.3331411113392,31.353397687324915,46.11348784148915,33.12330859425719
121,-25,44.750169169597875,31.477622465592706,43.91322631696711,30.643707248435582,44.89713115189917,31.73081421087417
122,-24,40.09955998051866,28.055395023161577,39.93372281096832,27.680135496762354,40.128679960574345,28.236230786440885
123,-23,37.08758240613866,25.533735419156763,36.34561736731565,24.84968994610981,37.21786687246862,25.767678755414433
124,-22,36.06433024296082,24.250342570763383,35.44793845735976,23.986990335143126,36.17256482361518,24.419795854859156
125,-21,33.71071326155006,22.704287679491795,33.246684659379895,22.75054273125892,33.792193810676046,22.809931987009467
126,-20,29.083507051130205,19.472906537041546,29.135050416624583,19.74550152946308,29.074456355322575,19.519697631723414
127,-19,24.468339134071368,16.19033653559806,25.070503998159936,17.299336033346577,24.362602712736894,16.115241162722057
128,-18,20.56386433407286,13.488885953233758,20.202347633415847,14.08986320571483,20.62734442807996,13.51063599246598
129,-17,17.064933254357662,11.113771053022576,17.345676675040313,11.883152139406842,17.015636448139798,11.070972026142034
130,-16,15.313492536295625,9.941571307460135,15.32065627327195,10.559217186215642,15.312234628442754,9.904873388946076
131,-15,13.943736216941137,8.810945756939939,13.763194431498345,9.18744162665838,13.975438236491796,8.801609876735386
132,-14,12.951772702504627,8.070216207313397,13.285489923714838,8.506768004493004,12.89317402494502,8.055749277206935
133,-13,11.686757673562719,7.08942461819596,12.029802644612664,7.478948263699062,11.626521100891699,7.077614274243082
134,-12,10.268400211546485,6.194269709520425,10.7176639769032,6.6201912257487034,10.1895122763363,6.163343150254338
135,-11,9.177259598691231,5.422261086998534,9.558963904245363,5.584878893559617,9.110234686272372,5.436404237245193
136,-10,8.06118256046568,4.624751719396857,8.567483188694982,4.874958745383564,7.972279305325764,4.6204446991817685
137,-9,6.747119659716639,3.7988832737297855,7.301324723050602,4.093685329044241,6.6498046824120935,3.788239039623583
138,-8,5.679103603940168,3.1168000621266385,6.24236335400211,3.3897162803933054,5.580198679715734,3.1094431362193604
139,-7,5.122245123586694,2.7368543434014243,5.769584409725603,3.079693139789698,5.008576353474813,2.7199268017321856
140,-6,4.633697424433031,2.38046877079587,5.3114739052446,2.7366502743936962,4.514684071413577,2.366259881646697
141,-5,3.9574213479881806,1.9489133249275594,4.755336687822368,2.3786038618808174,3.817312355263005,1.9239082680198791
142,-4,nan,nan,nan,nan,nan,nan
143,-3,nan,nan,nan,nan,nan,nan
144,-2,nan,nan,nan,nan,nan,nan
145,-1,nan,nan,nan,nan,nan,nan
223,1,nan,nan,nan,nan,nan,nan
224,2,nan,nan,nan,nan,nan,nan
225,3,nan,nan,nan,nan,nan,nan
226,4,nan,nan,nan,nan,nan,nan
227,5,4.511619600977228,1.293610427632988,4.8723662956956755,1.6809014162247988,4.448274715244812,1.321032038523324
228,6,5.843445511790663,1.758959060417829,6.227061861932043,2.0933298074830384,5.77608485618228,1.784404166466436
229,7,6.599792272975183,2.1893723899704836,6.944717385139904,2.4831608660271764,6.539225559166845,2.2162659915208915
230,8,7.382361564180872,2.688242634564373,7.688587274398079,2.8920755688934174,7.328590225715312,2.7083836430318566
231,9,8.255612940156025,3.3214216138917454,8.572301166965241,3.5857868039875886,8.200004448564195,3.327991228849737
232,10,8.82892738346107,3.8276297221811433,9.080349564712503,4.117731935040069,8.784779205320735,3.8350749451404655
233,11,9.450186762953164,4.461288954478501,9.626902797704986,4.746906186726952,9.419156521533553,4.479294554227306
234,12,9.564590532180148,4.833616805659104,9.90925817770001,5.213168629052447,9.50406902792033,4.827635380852559
235,13,9.778265107928975,5.177733427408016,9.94730218090842,5.426448524251196,9.74858324464598,5.1886107376766955
236,14,9.107762379656062,5.078671182900062,9.385016855383988,5.527559413445075,9.059078210567574,5.057693238652926
237,15,8.731448547596843,5.215509190507726,9.077859411601146,5.813883629963824,8.67062094496573,5.172804990555273
238,16,8.422137386715878,5.169569723719313,8.622823099241382,5.727124760448374,8.386898218307202,5.122410880602683
239,17,7.7952762943189775,4.920103252242963,7.980734430416043,5.471745330853041,7.7627109940370564,4.889053986884868
240,18,7.5937214456822995,4.940293651163303,7.503598632402928,5.496219037606708,7.6095464536245645,4.902964002367155
241,19,7.915974590594428,5.319125135155166,7.696126536887938,5.820791399277032,7.954578547455071,5.28812843341428
242,20,7.474174503794878,5.158394291894212,7.267637774094533,5.568375160127579,7.5104410745880665,5.138395188449137
243,21,7.464940581583621,5.3689273308434915,7.185303701162996,5.563220960021206,7.514043086183525,5.368938157392217
244,22,7.668856294737159,5.580199148964292,7.010772465088751,5.662387355200774,7.784411740155621,5.61458512831382
245,23,8.202629111988774,5.919896018851736,7.0012592382710785,5.613217851195558,8.413582222543004,6.026818120842274
246,24,8.445869190335824,6.170821158327472,7.213955240406306,5.572821514964925,8.662185651534056,6.328891314034032
247,25,8.784686343929144,6.687575507858929,7.8956660056248005,6.163028588613309,8.940792810234074,6.855673783605441
248,26,9.66778644438455,7.042348760513171,8.304316698164556,6.7550850682429395,9.907203288775372,7.169684490154246
249,27,10.529512408346385,7.740272132860585,9.350558353887756,7.602801438170451,10.736529439844722,7.8465847283181915
250,28,11.428910122983725,8.780004455689356,9.825423389388892,8.048987386090118,11.710472464094801,8.978650095148177
251,29,12.373064700503829,9.138812260832283,10.640132404944511,8.233001694392474,12.677356880727103,9.418825158882283
252,30,13.396789255237659,10.451439925833268,11.324079395952444,9.039116944792909,13.7607442716387,10.864981544798894
253,31,13.556085399441617,10.015764507884441,12.010968264379953,9.7313080606572,13.827398400493689,10.214012323101699
254,32,14.449741985092325,10.224669381914778,13.283131382212412,10.03153410818475,14.654591582928079,10.328742170406679
255,33,16.40026557123068,12.163116212185425,14.641473668854905,11.818346998357185,16.70909853827988,12.349561665140993
256,34,17.538629117480042,13.092057692159617,15.501610600594914,12.486369075058075,17.89631695516795,13.305025108156803
257,35,17.448239949800527,12.974510287574946,15.914146199291666,12.891635967031174,17.71761731278549,13.159588555024955
258,36,18.287603712616583,13.523598348951333,15.809382037225198,13.472243002488684,18.722764092865617,13.7446405943454
259,37,19.69017291429135,14.350692652868254,17.03886177406799,13.718839638148708,20.155726732738966,14.74602216094874
260,38,20.4160116619422,14.726308937411265,16.99674539231976,13.309338707131058,21.01641364568589,15.09653089092641
261,39,20.187009670511614,14.335701531988313,17.630886511222318,13.619995280231986,20.635849068941962,14.751247329002323
262,40,21.70449009162666,15.329260419476888,18.730663924053207,14.808875340907147,22.22667555175965,15.677857010799816
263,41,23.09919254993299,15.966891358141797,19.542528563978898,14.641948172357951,23.72372072185345,16.436101847973944
264,42,23.722676605290957,17.075633500444187,19.20096001915838,13.987189057645027,24.516662037885105,17.962864426097376
265,43,24.91920551987917,17.36149607569689,20.819009706199104,14.425179339185744,25.639174515023527,18.152388321970644
266,44,23.65691979459485,16.563775867769895,19.959332969559505,13.429129146550773,24.306193144418195,17.416175713399927
267,45,25.694861148565312,16.738177497614984,22.3995890075658,15.966624651499247,26.273490531134545,17.12223676408827
268,46,27.21939484979782,17.75893859746067,22.659692841096252,16.433586206388043,28.020050287377085,18.558518468769062
269,47,28.57577771341204,18.99650904872188,23.52685860501612,15.875136264909534,29.462336644307204,19.83654432933497
270,48,28.79019869282122,20.311278251039948,23.054253711113898,15.764751994510165,29.79739511278358,21.407476567701025
271,49,31.773600552373455,21.726160760893006,24.190383658727846,15.64375731582712,33.10516648116739,23.12308306698473
272,50,33.300314376210565,22.77993209521944,26.168522924004257,18.26876955240577,34.55261279285999,23.909888800032615
273,51,36.18543354127691,23.211591495776137,29.41842407628628,20.913863507287495,37.37367849981924,23.822944712656863
274,52,38.59516235907238,25.07401914094013,29.834263831858117,20.35110287378134,40.1335218901356,26.06332477826042
275,53,43.04795047566265,29.49943125100668,31.427095394016916,22.335053396053418,45.0885006679086,30.8709859220212
276,54,46.78968846125473,28.987207476576874,36.0331209222095,26.60340747410356,48.67847511296787,29.784207193108294
277,55,50.26267618187952,30.522430671813026,36.54840818650358,25.04876439982094,52.67081671868706,31.86505196784972
278,56,53.472586729139934,35.344306676557586,36.674452771237,25.47718212685849,56.42223503267231,37.537387212989266
279,57,53.126601816682864,33.575193046857464,40.7083261351094,29.49053852895326,55.30717412839,34.74387648349451
280,58,55.20866299865753,36.051260187420425,41.620561009545376,30.366278990404656,57.594649566025815,37.33834056613112
281,59,59.46638886270115,40.20844538705458,44.709047614681424,31.883853288351155,62.05768660362617,41.87656191356174
282,60,60.36938356028141,39.92649138192997,48.65161612007088,34.37403288609747,62.42695096257866,41.30356647397505
283,61,62.81522251520687,42.91782903516075,47.730693767690866,33.24773723125021,65.46397235499269,44.754094693127584
284,62,64.84022510744076,45.07300352375604,48.06200527399098,34.05284487401961,67.78637661403384,47.37674165833124
285,63,66.21322167156927,44.38010267460122,45.60128152383464,33.76139569065786,69.83255072571541,46.57722495377794
286,64,65.18458921102697,45.763377930602466,46.81217971306285,32.735265067524125,68.41067055097106,48.4902494666602
287,65,62.12797847341812,45.84597543697381,42.70123233577062,30.938974233539458,65.53919479849738,48.73679062454849
288,66,62.91219351681221,43.98512674713227,41.831861110392964,30.69210091112053,66.61376935114707,46.61196618851877
289,67,60.17673680784591,41.64645807325305,40.026126889609074,29.64402354647592,63.7150591303981,44.28628529266147
290,68,57.32779065361602,38.9837560234043,36.99956509083376,28.926649394642908,60.897301183496936,41.26623134667796
291,69,57.84148377005791,37.87640234836699,39.10676788722447,31.56924358307955,61.13118386766681,39.55051899358281
292,70,56.88730554092907,37.33323447371145,35.762030029852795,28.56380535432231,60.59677310613946,39.45549192594631
293,71,52.25500780425386,34.615286225633504,36.15156747430579,30.226248354595583,55.08267220848486,36.01885494309205
294,72,53.71875802835917,36.958227601433556,34.08658632220969,29.195835675981506,57.16604581120582,38.98098755743453
295,73,55.45707264914863,39.71288933971739,34.831838162969156,28.49118326795945,59.0787361068028,42.255175951322535
296,74,57.9883189149308,42.40612777350799,32.51095212467072,27.495255836737645,62.461986759209886,45.63205331234593
297,75,62.76473952447982,47.93419553643134,32.26731989737236,29.599730248509793,68.11989756111944,51.76771880361572
298,76,59.095033756798934,46.637628971611896,34.706710975842974,31.01962390346722,63.37747221675673,50.019393010990655
299,77,60.21961408470197,47.89694267031636,38.50424388567258,32.30384452234195,64.03269862305989,50.905778196842746
300,78,67.05234181903904,54.275716294554385,37.56011682898879,32.72810647728948,72.23099390190153,58.30837326876271
301,79,66.52428269377498,52.16246125939567,41.03533393791924,33.62558837296161,70.99998425949339,55.610396490000994
302,80,69.5571462910966,52.36218799128369,36.615930060929145,30.9367109723666,75.34141987845503,56.607381760093325
303,81,69.59592890319318,53.440012993394035,38.596042172157404,33.94989979646414,75.03931705184388,57.527342586349334
304,82,79.15315675795321,61.44335336177673,37.5053277238574,29.62336796271677,86.4662576395206,67.45217198543916
305,83,85.16397332537683,61.32949146803253,39.09586348346615,28.3950729102864,93.25324814498893,67.3963278130089
306,84,83.00473579499207,60.60625445075473,42.744310343394595,35.42272386706193,90.07421719872427,65.92278148845311
307,85,87.71688377102942,64.51880491850245,43.0832431447735,36.67908461167177,95.55427467906962,70.08575370624938
308,86,96.74230943985404,69.93091164840213,47.77293005651714,38.86951470699487,105.34102922534177,76.24799582527191
309,87,94.3050311860415,65.48224729747416,47.796576812424085,41.319172270922024,102.47162777866566,71.37427562559607
310,88,102.6640873988997,73.77286585138167,49.6453626544566,40.91629114505611,111.97384715494223,80.85867261647083
311,89,105.12492443247864,74.79346780473684,49.35677251584032,38.43526709663586,114.9174665746169,82.187885609992
312,90,99.30752092964255,75.40506112799254,48.64381177177332,37.92122059200502,108.20375453170048,83.22222047422565
313,91,92.75010542243146,67.64536472910497,45.683097630567396,37.76554059622069,101.01478053655637,73.68457903066688
314,92,80.84775145750157,61.91271847168509,39.872254298706466,30.8592409961211,88.04279502506252,67.87718436580374
315,93,72.76223726429211,54.87529227907925,34.53604771487223,25.033171775903742,79.47451944024819,60.67625850965357
316,94,65.60283166928392,53.99445294002136,32.10404679265661,24.619849340141712,71.48501085831539,59.33819725560632
317,95,67.82188343198843,51.59585443867615,35.73538710654156,27.85112498880547,73.45607349677985,56.120878141308324
318,96,60.85338071095227,51.251989643291445,33.301821300515385,26.648895174443687,65.69126393526321,55.92283134377811
319,97,60.950961926273166,49.12796289319206,27.48898785277143,20.36066561080292,66.8266773662202,54.71324619321984
320,98,64.60351302023143,60.67281172297698,25.240720795669823,21.270335608123638,71.51537558773116,68.4156357666414
321,99,63.78462208594415,65.91200782733844,28.751553798054818,28.385526396283247,69.93621194121441,73.23640954333295
322,100,62.97190677045911,54.697193317020144,24.933508499574746,25.367852232406822,69.65121396076859,60.58467235963973
323,101,55.63077061288729,45.44909170186341,26.291958355352637,26.51547004293242,60.78248436990124,49.81643074951221
324,102,51.856641534391855,45.558845132769804,19.729684035067297,18.337864217126416,57.49793633076754,50.88906689137302
325,103,52.1603631589373,52.7834681697596,20.706862643798612,21.572573625638643,57.68340307915328,58.78840089373335
