protein,IDR,STI1_domain,condition,peak_residue,start,end,prominence
Dsk2_full,1,1,bound,120,110,128,26.87
Dsk2_full,2,1,bound,285,278,292,26.5
Dsk2_full,2,1,bound,311,302,318,98.4
Dsk2_full,1,2,bound,120,110,128,26.87
Dsk2_full,2,2,bound,285,278,292,26.5
Dsk2_full,2,2,bound,311,302,318,98.4
Q9UMX0,1,1,unbound,146,137,159,28.45
Q9UMX0,2,1,unbound,273,264,283,84.09
Q9UMX0,2,1,unbound,295,288,305,30.07
Q9UMX0,2,1,unbound,321,307,328,31.64
Q9UMX0,1,2,unbound,151,140,157,17.04
Q9UMX0,2,2,unbound,271,263,281,41.64
Q9UMX0,2,2,unbound,294,287,301,26.74
Q9UMX0,2,2,unbound,323,310,334,75.67
Q9UMX0,2,2,unbound,363,356,372,18.39
Q9UMX0,3,2,unbound,490,477,506,66.68
Q9UMX0,3,2,unbound,525,515,533,40.32
Q9UHD9,1,1,unbound,147,136,162,373.99
Q9UHD9,2,1,unbound,268,259,277,337.11
Q9UHD9,2,1,unbound,289,280,297,89.72
Q9UHD9,2,2,unbound,270,263,279,38.8
Q9UHD9,3,2,unbound,559,552,567,27.5
Q9NRR5,1,1,unbound,139,128,150,97.99
Q9NRR5,1,1,unbound,161,153,170,371.64
Q9NRR5,2,1,unbound,282,274,291,211.6
Q9NRR5,2,1,unbound,304,293,311,85.37
Q9NRR5,2,1,unbound,320,312,338,19.07
Q9NRR5,1,2,unbound,172,161,181,46.33
Q9NRR5,2,2,unbound,285,275,311,139.35
Q9NRR5,2,2,unbound,319,312,340,32.03
Q9NRR5,3,2,unbound,492,483,502,37.74
Q9NRR5,3,2,unbound,541,526,550,60.83
Q9SII8,2,1,unbound,283,276,289,25.89
Q9SII8,2,1,unbound,300,292,311,95.78
Q9SII8,2,1,unbound,331,325,338,19.27
Q9SII8,3,1,unbound,482,473,488,19.98
Q9SII9,1,1,unbound,126,117,139,18.58
Q9SII9,2,1,unbound,284,276,292,17.34
Q9SII9,2,1,unbound,350,335,358,67.72
Q9SII9,3,1,unbound,472,462,484,45.07
Q9SII9,2,2,unbound,254,243,262,37.55
Q9SII9,2,2,unbound,340,314,351,141.28
Q9SII9,3,2,unbound,476,464,487,164.33
Q9VWD9,1,1,unbound,99,90,110,225.09
Q9VWD9,2,1,unbound,228,219,235,127.9
Q9VWD9,2,1,unbound,248,236,259,214.46
Q9VWD9,2,1,unbound,277,269,283,89.21
Q9VWD9,3,1,unbound,480,470,490,46.26
Q9VWD9,2,2,unbound,276,266,288,27.39
Q9JJP9,1,1,unbound,139,130,149,60.73
Q9JJP9,2,1,unbound,264,256,272,59.05
Q9JJP9,2,1,unbound,286,278,293,39.8
Q9JJP9,2,1,unbound,313,304,321,106.35
Q9JJP9,2,1,unbound,364,356,372,43.37
Q9JJP9,3,1,unbound,477,471,484,28.48
Q9JJP9,3,1,unbound,518,509,528,27.88
Q9JJP9,2,2,unbound,260,253,267,51.67
Q9JJP9,2,2,unbound,284,274,292,20.05
G5EFF7,2,1,unbound,244,236,254,103.89
G5EFF7,2,1,unbound,270,264,278,20.87
G5EFF7,3,1,unbound,442,431,449,17.51
G5EFF7,2,2,unbound,224,216,231,23.01
G5EFF7,2,2,unbound,244,236,265,92.77
G5EFF7,3,2,unbound,417,410,423,21.76
G5EFF7,3,2,unbound,443,431,453,48.17
D4A3P1,1,1,unbound,134,127,140,26.42
D4A3P1,1,1,unbound,158,149,165,182.79
D4A3P1,2,1,unbound,294,281,300,42.88
D4A3P1,2,1,unbound,326,307,332,28.62
D4A3P1,3,1,unbound,486,481,493,26.51
D4A3P1,3,1,unbound,536,528,543,35.23
D4A3P1,3,2,unbound,535,526,548,17.7
D4AA63,1,1,unbound,144,137,150,87.37
D4AA63,1,1,unbound,159,153,170,79.6
D4AA63,2,1,unbound,280,279,286,30.31
D4AA63,2,1,unbound,298,292,309,96.41
D4AA63,2,1,unbound,327,321,337,51.09
D4AA63,2,1,unbound,377,370,381,22.39
D4AA63,3,2,unbound,519,511,532,33.06
D4AA63,3,2,unbound,571,564,578,21.73
