Q,I(Q),Error
0.002398167,0.022041401,0.003108136
0.002680304,0.017782656,0.001313558
0.002962441,0.019224013,0.000965839
0.003244579,0.020030599,0.000727653
0.003526716,0.020484746,0.000598591
0.003808853,0.019691318,0.000432198
0.00409099,0.020095915,0.00039041
0.004373128,0.020197676,0.000353366
0.004655265,0.02038076,0.000317491
0.004937402,0.020223026,0.000294989
0.00521954,0.020067848,0.000260323
0.005501677,0.020266024,0.000248539
0.005783814,0.019792472,0.000231262
0.006065951,0.019845822,0.000224609
0.006348089,0.020382638,0.000212176
0.006630226,0.020174615,0.000201123
0.006912363,0.019877697,0.00019327
0.0071945,0.020141544,0.000187214
0.007476638,0.020122209,0.000180496
0.007758775,0.019853832,0.00017271
0.008040912,0.019929884,0.000171633
0.00832305,0.019719987,0.000166998
0.008605187,0.019505476,0.00016106
0.008887324,0.01973479,0.000158028
0.009169461,0.019484826,0.000153701
0.009451599,0.019652298,0.000151265
0.009733736,0.019376995,0.000149194
0.010015873,0.019226218,0.000143142
0.01029801,0.019412105,0.00014261
0.010580148,0.019090966,0.000141815
0.010862285,0.01935678,0.000146543
0.011144422,0.019318571,0.000145665
0.01142656,0.01891924,0.000142388
0.011708697,0.018877578,0.000141147
0.011990834,0.018871561,0.000138923
0.012272971,0.01865203,0.000139764
0.012555109,0.018822325,0.000136653
0.012837246,0.018758797,0.000136095
0.013119383,0.018498854,0.000134516
0.01340152,0.018448921,0.000131742
0.013683658,0.018219543,0.000131116
0.013965795,0.018390229,0.000130757
0.014247932,0.018203683,0.00012859
0.01453007,0.018146192,0.000129287
0.014812207,0.018029119,0.000124959
0.015094344,0.018015604,0.00012576
0.015376481,0.017885076,0.000124315
0.015658619,0.017853317,0.000122673
0.015940756,0.017594581,0.000122146
0.016222893,0.017618076,0.00012144
0.01650503,0.017414877,0.000119272
0.016787168,0.017332062,0.000118385
0.017069305,0.017552546,0.000117458
0.017351442,0.017350683,0.000112906
0.01763358,0.017148983,0.000110075
0.017915717,0.017077774,0.000107889
0.018197854,0.017031745,0.000105978
0.018479991,0.016848857,0.000103313
0.018762129,0.016786028,0.000102716
0.019044266,0.016531208,0.000100607
0.019326403,0.016418144,0.000100705
0.01960854,0.01646651,9.80816E-05
0.019890678,0.016347191,9.77371E-05
0.020172815,0.016006339,9.55433E-05
0.020454952,0.016107771,9.55433E-05
0.020737089,0.016039061,9.46912E-05
0.021019227,0.015953646,9.43108E-05
0.021301364,0.015901457,9.32776E-05
0.021583501,0.015473413,9.10059E-05
0.021865639,0.015666964,9.15547E-05
0.022147776,0.015685841,9.09436E-05
0.022429913,0.015504276,8.95877E-05
0.02271205,0.015343001,8.96287E-05
0.022994188,0.015275896,8.86345E-05
0.023276325,0.01510686,8.69132E-05
0.023558462,0.015126878,8.75925E-05
0.023840599,0.014983465,8.6173E-05
0.024122737,0.015040127,8.64713E-05
0.024404874,0.014858478,8.48744E-05
0.024687011,0.014485635,8.41007E-05
0.024969149,0.014679038,8.37118E-05
0.025251286,0.014487518,8.37436E-05
0.025533423,0.014304551,8.25046E-05
0.02581556,0.014181226,8.18336E-05
0.026097698,0.014241528,8.14106E-05
0.026379835,0.014156031,8.09448E-05
0.026661972,0.0138769,8.0524E-05
0.026944109,0.013952856,7.95581E-05
0.027226247,0.013889714,7.90985E-05
0.027508384,0.013787033,7.96679E-05
0.027790521,0.013630089,8.0512E-05
0.028072659,0.013702578,8.08463E-05
0.028354796,0.013499524,8.07648E-05
0.028636933,0.013201275,8.04437E-05
0.02891907,0.013141601,8.16732E-05
0.029201208,0.013180623,8.03815E-05
0.029483345,0.013023332,8.0355E-05
0.029765482,0.012975594,7.97198E-05
0.030047619,0.012821445,7.99064E-05
0.030329757,0.012651921,7.94386E-05
0.030611894,0.01272676,7.84812E-05
0.030894031,0.01243028,7.88203E-05
0.031176169,0.012307559,7.74604E-05
0.031458306,0.012458249,7.78646E-05
0.031740443,0.012183345,7.65197E-05
0.03202258,0.012245138,7.70711E-05
0.032304718,0.012104229,7.66534E-05
0.032586855,0.011999297,7.56483E-05
0.032868992,0.011820451,7.53496E-05
0.033151129,0.011791053,7.53627E-05
0.033433267,0.011757469,7.5555E-05
0.033715404,0.011555407,7.54291E-05
0.033997541,0.011469495,7.45503E-05
0.034279679,0.011486166,7.41674E-05
0.034561816,0.011307324,7.39353E-05
0.034843953,0.011195971,7.38669E-05
0.03512609,0.011161377,7.39845E-05
0.035408228,0.011009556,7.30093E-05
0.035690365,0.010915038,7.34952E-05
0.035972502,0.010872433,7.2019E-05
0.036254639,0.010889715,7.2583E-05
0.036536777,0.010635075,7.17701E-05
0.036818914,0.010685999,7.13749E-05
0.037101051,0.010565874,7.21093E-05
0.037383188,0.010449913,7.05193E-05
0.037665326,0.010243702,7.03615E-05
0.037947463,0.01020497,7.01156E-05
0.0382296,0.010175503,6.99975E-05
0.038511738,0.009970767,6.99901E-05
0.038793875,0.009992998,6.91612E-05
0.039076012,0.009905357,6.90357E-05
0.039358149,0.009851132,6.89212E-05
0.039640287,0.009905345,6.82304E-05
0.039922424,0.009765441,6.88486E-05
0.040204561,0.009549049,6.74186E-05
0.040486698,0.009467391,6.77515E-05
0.040768836,0.009296716,6.71082E-05
0.041050973,0.009383811,6.67811E-05
0.04133311,0.009137809,6.66672E-05
0.041615248,0.009155632,6.62035E-05
0.041897385,0.009112424,6.62524E-05
0.042179522,0.009112448,6.61709E-05
0.042461659,0.008991569,6.50973E-05
0.042743797,0.00893765,6.64773E-05
0.043025934,0.008807284,6.68913E-05
0.043308071,0.008756982,6.72061E-05
0.043590208,0.008705137,6.82135E-05
0.043872346,0.00860725,6.74335E-05
0.044154483,0.008502612,6.86649E-05
0.04443662,0.008432762,6.82782E-05
0.044718758,0.00841272,6.89813E-05
0.045000895,0.008245649,6.85206E-05
0.045283032,0.008163005,6.88939E-05
0.045565169,0.008116151,6.90784E-05
0.045847307,0.008036162,6.91769E-05
0.046129444,0.00816447,6.93306E-05
0.046411581,0.007824039,6.93295E-05
0.046693718,0.007813056,6.95816E-05
0.046975856,0.007945743,6.97323E-05
0.047257993,0.007870369,6.93123E-05
0.04754013,0.007658635,6.92158E-05
0.047822268,0.007570239,7.00601E-05
0.048104405,0.007566363,6.92759E-05
0.048386542,0.007473642,7.00469E-05
0.048668679,0.007285209,6.92631E-05
0.048950817,0.007322396,6.98039E-05
0.049232954,0.007200311,6.93553E-05
0.049515091,0.007253754,6.90994E-05
0.049797228,0.007186404,6.7752E-05
0.050079366,0.007136619,6.66379E-05
0.050361503,0.007087049,6.55428E-05
0.05064364,0.006976752,6.53666E-05
0.050925778,0.006858944,6.43386E-05
0.051207915,0.00682783,6.44607E-05
0.051490052,0.006733941,6.40198E-05
0.051772189,0.006699895,6.28858E-05
0.052054327,0.006664948,6.27713E-05
0.052336464,0.006640677,6.21723E-05
0.052618601,0.006545963,6.20292E-05
0.052900738,0.006424783,6.14909E-05
0.053182876,0.006394087,6.11115E-05
0.053465013,0.006422811,6.07586E-05
0.05374715,0.006303734,6.02333E-05
0.054029288,0.006285109,6.00538E-05
0.054311425,0.006062276,5.9813E-05
0.054593562,0.006249369,5.94167E-05
0.054875699,0.006150887,5.95088E-05
0.055157837,0.00603399,5.85378E-05
0.055439974,0.006084754,5.84835E-05
0.055722111,0.0059795,5.82593E-05
0.056004248,0.005869051,5.78827E-05
0.056286386,0.005772938,5.78312E-05
0.056568523,0.00585813,5.71074E-05
0.05685066,0.00574036,5.7344E-05
0.057132797,0.005731202,5.69696E-05
0.057414935,0.005635361,5.67088E-05
0.057697072,0.005576003,5.66218E-05
0.057979209,0.005481951,5.64765E-05
0.058261347,0.005470667,5.62103E-05
0.058543484,0.005530929,5.63652E-05
0.058825621,0.005430596,5.54505E-05
0.059107758,0.005405966,5.60884E-05
0.059389896,0.005354631,5.54931E-05
0.059672033,0.005277635,5.54322E-05
0.05995417,0.005197941,5.55262E-05
0.060236307,0.005216297,5.47077E-05
0.060518445,0.005101565,5.49546E-05
0.060800582,0.00503435,5.49079E-05
0.061082719,0.005071377,5.45272E-05
0.061364857,0.004885663,5.45085E-05
0.061646994,0.005051347,5.42456E-05
0.061929131,0.004954907,5.42381E-05
0.062211268,0.004969132,5.42747E-05
0.062493406,0.004848092,5.35457E-05
0.062775543,0.004808555,5.40026E-05
0.06305768,0.004810328,5.36639E-05
0.063339817,0.004704529,5.32666E-05
0.063621955,0.004652118,5.34319E-05
0.063904092,0.004664097,5.28203E-05
0.064186229,0.004623173,5.32051E-05
0.064468367,0.004614295,5.31184E-05
0.064750504,0.004545099,5.23101E-05
0.065032641,0.004532796,5.27771E-05
0.065314778,0.004423945,5.23492E-05
0.065596916,0.004466072,5.25472E-05
0.065879053,0.004416826,5.21868E-05
0.06616119,0.00433806,5.15866E-05
0.066443327,0.004307051,5.22255E-05
0.066725465,0.004229898,5.1489E-05
0.067007602,0.004373932,5.21025E-05
0.067289739,0.004199307,5.1276E-05
0.067571877,0.004164065,5.13775E-05
0.067854014,0.004213541,5.1395E-05
0.068136151,0.004114403,5.09113E-05
0.068418288,0.004065193,5.12457E-05
0.068700426,0.004111909,5.06634E-05
0.068982563,0.004049633,5.09442E-05
0.0692647,0.004079417,5.07308E-05
0.069546837,0.003888202,5.04685E-05
0.069828975,0.003846281,5.04087E-05
0.070111112,0.003945285,5.00047E-05
0.070393249,0.003956707,5.11244E-05
0.070675387,0.003787168,5.17503E-05
0.070957524,0.00386041,5.16423E-05
0.071239661,0.003824083,5.25828E-05
0.071521798,0.003760594,5.22511E-05
0.071803936,0.003712118,5.27426E-05
0.072086073,0.003618516,5.26939E-05
0.07236821,0.003635447,5.26453E-05
0.072650347,0.003584321,5.34556E-05
0.072932485,0.003596818,5.30759E-05
0.073214622,0.003502657,5.30571E-05
0.073496759,0.003505286,5.34777E-05
0.073778896,0.003540939,5.33324E-05
0.074061034,0.003457981,5.39087E-05
0.074343171,0.003410106,5.35584E-05
0.074625308,0.003447849,5.35244E-05
0.074907446,0.003400277,5.39156E-05
0.075189583,0.003405823,5.36279E-05
0.07547172,0.003321636,5.42807E-05
0.075753857,0.003306474,5.35255E-05
0.076035995,0.003281058,5.40424E-05
0.076318132,0.003226061,5.36389E-05
0.076600269,0.003182304,5.3608E-05
0.076882406,0.003236904,5.38842E-05
0.077164544,0.003252803,5.34593E-05
0.077446681,0.003115178,5.38116E-05
0.077728818,0.003238114,5.36616E-05
0.078010956,0.003218807,5.34271E-05
0.078293093,0.003114069,5.35452E-05
0.07857523,0.003085768,5.32162E-05
0.078857367,0.003195891,5.35215E-05
0.079139505,0.003081992,5.34364E-05
0.079421642,0.003054597,5.32684E-05
0.079703779,0.003022469,5.32792E-05
0.079985916,0.002996211,5.29532E-05
0.080268054,0.003043695,5.36085E-05
0.080550191,0.002927741,5.2799E-05
0.080832328,0.003069464,5.32436E-05
0.081114466,0.002935666,5.29461E-05
0.081396603,0.002893129,5.28212E-05
0.08167874,0.002806524,5.2698E-05
0.081960877,0.002783048,5.28037E-05
0.082243015,0.002867095,5.28513E-05
0.082525152,0.002676182,5.26319E-05
0.082807289,0.002756743,5.24611E-05
0.083089426,0.002798562,5.27468E-05
0.083371564,0.002799675,5.23245E-05
0.083653701,0.002695163,5.24584E-05
0.083935838,0.002671539,5.23771E-05
0.084217976,0.002695842,5.22735E-05
0.084500113,0.002617407,5.23788E-05
0.08478225,0.002768251,5.22033E-05
0.085064387,0.002588741,5.19935E-05
0.085346525,0.002616014,5.21709E-05
0.085628662,0.002577558,5.23976E-05
0.085910799,0.002541396,5.1829E-05
0.086192936,0.002522895,5.19059E-05
0.086475074,0.002588762,5.1918E-05
0.086757211,0.002546454,5.17393E-05
0.087039348,0.002512176,5.18079E-05
0.087321486,0.002444248,5.18976E-05
0.087603623,0.002466908,5.15444E-05
0.08788576,0.002407387,5.13797E-05
0.088167897,0.002447662,5.15705E-05
0.088450035,0.002496877,5.13992E-05
0.088732172,0.002438614,5.17536E-05
0.089014309,0.002412694,5.1366E-05
0.089296446,0.002395795,5.12678E-05
0.089578584,0.002286204,5.08192E-05
0.089860721,0.002355611,5.13595E-05
0.090142858,0.002356364,5.12906E-05
0.090424995,0.002350932,5.13194E-05
0.090707133,0.002214463,5.07394E-05
0.09098927,0.002308402,5.11373E-05
0.091271407,0.002333861,5.07663E-05
0.091553545,0.002204146,5.08417E-05
0.091835682,0.002319604,5.08349E-05
0.092117819,0.002271426,5.07501E-05
0.092399956,0.002214618,5.09228E-05
0.092682094,0.002204612,5.03737E-05
0.092964231,0.002166137,5.04235E-05
0.093246368,0.00212404,5.0639E-05
0.093528505,0.002126184,5.06324E-05
0.093810643,0.002113071,5.03877E-05
0.09409278,0.002151678,5.03659E-05
0.094374917,0.002067957,5.01856E-05
0.094657055,0.002036208,5.03725E-05
0.094939192,0.002104122,4.99571E-05
0.095221329,0.002043224,5.03153E-05
0.095503466,0.00208031,4.99731E-05
0.095785604,0.002087147,5.00059E-05
0.096067741,0.002053064,5.01104E-05
0.096349878,0.002095834,4.96239E-05
0.096632015,0.002034886,4.98945E-05
0.096914153,0.002109098,4.99677E-05
0.09719629,0.002077294,5.00422E-05
0.097478427,0.001938593,4.95194E-05
0.097760565,0.001973513,4.95937E-05
0.098042702,0.001994811,4.97701E-05
0.098324839,0.0019339,4.96603E-05
0.098606976,0.001977842,4.92103E-05
0.098889114,0.001887823,4.94658E-05
0.099171251,0.00192668,4.93127E-05
0.099453388,0.001992134,4.95399E-05
0.099735525,0.00192897,4.91949E-05
0.100017663,0.001800362,4.90124E-05
0.1002998,0.001919902,4.93011E-05
0.100581937,0.001849993,4.91771E-05
0.100864074,0.001872515,4.92958E-05
0.101146212,0.001780215,4.8758E-05
0.101428349,0.001867496,4.91842E-05
0.101710486,0.001825801,4.8924E-05
0.101992624,0.001755924,4.8931E-05
0.102274761,0.001797943,4.86555E-05
0.102556898,0.001783675,4.85418E-05
0.102839035,0.001702961,5.04665E-05
0.103121173,0.001694075,5.10305E-05
0.10340331,0.001780433,5.09379E-05
0.103685447,0.001746513,5.17201E-05
0.103967584,0.001725904,5.20139E-05
0.104249722,0.001788607,5.3058E-05
0.104531859,0.001746846,5.2549E-05
0.104813996,0.001675556,5.29354E-05
0.105096134,0.001647941,5.35187E-05
0.105378271,0.001600143,5.35605E-05
0.105660408,0.001675555,5.39251E-05
0.105942545,0.001651794,5.37903E-05
0.106224683,0.001639448,5.47483E-05
0.10650682,0.001641269,5.43164E-05
0.106788957,0.001633492,5.48068E-05
0.107071094,0.001536838,5.42099E-05
0.107353232,0.001620394,5.42324E-05
0.107635369,0.001557384,5.51575E-05
0.107917506,0.001621949,5.47983E-05
0.108199644,0.001589948,5.63314E-05
0.108481781,0.001561356,5.76903E-05
0.108763918,0.001618047,5.84868E-05
0.109046055,0.001607857,5.94187E-05
0.109328193,0.001539758,5.90112E-05
0.10961033,0.001481466,5.73814E-05
0.109892467,0.001495778,5.66365E-05
0.110174604,0.001602286,5.69449E-05
0.110456742,0.001559994,5.66832E-05
0.110738879,0.00150411,5.57842E-05
0.111021016,0.001521673,5.66556E-05
0.111303154,0.001408657,5.59668E-05
0.111585291,0.001587084,5.66248E-05
0.111867428,0.001349478,5.60903E-05
0.112149565,0.001454777,5.41374E-05
0.112431703,0.001421857,5.36463E-05
0.11271384,0.001459924,5.28525E-05
0.112995977,0.001445616,5.28046E-05
0.113278114,0.001378353,5.2542E-05
0.113560252,0.001444503,5.21187E-05
0.113842389,0.001504149,5.2746E-05
0.114124526,0.001374176,5.1277E-05
0.114406664,0.001447332,5.19375E-05
0.114688801,0.001313058,5.13066E-05
0.114970938,0.001321515,5.11003E-05
0.115253075,0.001403912,5.15673E-05
0.115535213,0.001329924,5.05561E-05
0.11581735,0.001349521,5.08225E-05
0.116099487,0.001428066,5.04472E-05
0.116381624,0.001333911,5.03147E-05
0.116663762,0.001271694,5.04434E-05
0.116945899,0.001401833,4.98099E-05
0.117228036,0.001427886,4.99228E-05
0.117510173,0.001314613,4.96644E-05
0.117792311,0.001313168,4.93332E-05
0.118074448,0.001296533,4.92942E-05
0.118356585,0.001266959,4.88437E-05
0.118638723,0.001269591,4.8981E-05
0.11892086,0.001321321,4.86601E-05
0.119202997,0.001277488,4.86111E-05
0.119485134,0.001235924,4.82715E-05
0.119767272,0.001226273,4.82943E-05
0.120049409,0.001228357,4.87022E-05
0.120331546,0.001323726,4.81162E-05
0.120613683,0.001273296,4.87493E-05
0.120895821,0.001186293,4.81004E-05
0.121177958,0.001242579,4.8344E-05
0.121460095,0.001248117,4.84459E-05
0.121742233,0.001244842,4.83158E-05
0.12202437,0.001145995,4.83631E-05
0.122306507,0.001243259,4.83135E-05
0.122588644,0.001245468,4.84103E-05
0.122870782,0.00116251,4.81797E-05
0.123152919,0.001084975,4.81232E-05
0.123435056,0.001217476,4.82182E-05
0.123717193,0.001182637,4.78116E-05
0.123999331,0.001242873,4.82145E-05
0.124281468,0.001055311,4.77515E-05
0.124563605,0.00112144,4.78102E-05
0.124845743,0.001138832,4.80083E-05
0.12512788,0.001096774,4.71293E-05
0.125410017,0.001117312,4.81003E-05
0.125692154,0.001184497,4.73586E-05
0.125974292,0.001039166,4.76327E-05
0.126256429,0.001102491,4.73387E-05
0.126538566,0.001119845,4.71924E-05
0.126820703,0.001092045,4.74291E-05
0.127102841,0.001146056,4.72426E-05
0.127384978,0.00099103,4.71985E-05
0.127667115,0.001040502,4.70215E-05
0.127949253,0.000975296,4.69632E-05
0.12823139,0.001076568,4.71017E-05
0.128513527,0.001086601,4.68751E-05
0.128795664,0.000998063,4.68016E-05
0.129077802,0.001155113,4.68694E-05
0.129359939,0.001045704,4.67964E-05
0.129642076,0.000978507,4.69767E-05
0.129924213,0.001017596,4.60281E-05
0.130206351,0.001021962,4.65031E-05
0.130488488,0.000992341,4.60898E-05
0.130770625,0.000973577,4.62192E-05
0.131052763,0.001009813,4.59114E-05
0.1313349,0.001042015,4.606E-05
0.131617037,0.001063449,4.59189E-05
0.131899174,0.000947593,4.5553E-05
0.132181312,0.00102543,4.59594E-05
0.132463449,0.000952625,4.53532E-05
0.132745586,0.001004034,4.55032E-05
0.133027723,0.00088013,4.57361E-05
0.133309861,0.000939459,4.52705E-05
0.133591998,0.000965218,4.53626E-05
0.133874135,0.001005473,4.52475E-05
0.134156272,0.000977797,4.53529E-05
0.13443841,0.000978544,4.55487E-05
0.134720547,0.000921507,4.49979E-05
0.135002684,0.000865503,4.52746E-05
0.135284822,0.00088161,4.47745E-05
0.135566959,0.0009711,4.53115E-05
0.135849096,0.000892325,4.48711E-05
0.136131233,0.000963879,4.48919E-05
0.136413371,0.000892089,4.51834E-05
0.136695508,0.000932104,4.47795E-05
0.136977645,0.000885256,4.48446E-05
0.137259782,0.000988512,4.47262E-05
0.13754192,0.00087419,4.48782E-05
0.137824057,0.000945858,4.49726E-05
0.138106194,0.000866909,4.45653E-05
0.138388332,0.000818843,4.45804E-05
0.138670469,0.000912862,4.43862E-05
0.138952606,0.000844629,4.46981E-05
0.139234743,0.000878731,4.47157E-05
0.139516881,0.000882011,4.42538E-05
0.139799018,0.000898848,4.46012E-05
0.140081155,0.000832866,4.40892E-05
0.140363292,0.000851297,4.47255E-05
0.14064543,0.000893296,4.40079E-05
0.140927567,0.000832585,4.43029E-05
0.141209704,0.000885875,4.44306E-05
0.141491842,0.000829878,4.38699E-05
0.141773979,0.000819645,4.43714E-05
0.142056116,0.000820132,4.39748E-05
0.142338253,0.000846112,4.3979E-05
0.142620391,0.000804922,4.41806E-05
0.142902528,0.000796407,4.39754E-05
0.143184665,0.000856405,4.39978E-05
0.143466802,0.000817814,4.37036E-05
0.14374894,0.000761725,4.40229E-05
0.144031077,0.000774656,4.39223E-05
0.144313214,0.000811962,4.3441E-05
0.144595352,0.000830317,4.40375E-05
0.144877489,0.000742269,4.34755E-05
0.145159626,0.000727518,4.3688E-05
0.145441763,0.000726087,4.34622E-05
0.145723901,0.000744726,4.36305E-05
0.146006038,0.000773146,4.35831E-05
0.146288175,0.000723099,4.35344E-05
0.146570312,0.00075637,4.33029E-05
0.14685245,0.000796757,4.35065E-05
0.147134587,0.000708274,4.3462E-05
0.147416724,0.000719066,4.35598E-05
0.147698862,0.00074647,4.31486E-05
0.147980999,0.000696019,4.31023E-05
0.148263136,0.000725531,4.32848E-05
0.148545273,0.00070887,4.31984E-05
0.148827411,0.000773259,4.34965E-05
0.149109548,0.000773095,4.29621E-05
0.149391685,0.0007302,4.29257E-05
0.149673822,0.000682926,4.30672E-05
0.14995596,0.000722009,4.29822E-05
0.150238097,0.000646217,4.25359E-05
0.150520234,0.000691622,4.28781E-05
0.150802372,0.00067446,4.27012E-05
0.151084509,0.000671179,4.26313E-05
0.151366646,0.000701828,4.23185E-05
0.151648783,0.000660186,4.23437E-05
0.151930921,0.000725539,4.24736E-05
0.152213058,0.000700984,4.24201E-05
0.152495195,0.000791961,4.24215E-05
0.152777332,0.000705258,4.22325E-05
0.15305947,0.000627234,4.20939E-05
0.153341607,0.0007031,4.23968E-05
0.153623744,0.000637831,4.2148E-05
0.153905881,0.000655487,4.20324E-05
0.154188019,0.000686559,4.23768E-05
0.154470156,0.00072577,4.19691E-05
0.154752293,0.000650933,4.22292E-05
0.155034431,0.000658193,4.21031E-05
0.155316568,0.000691402,4.24367E-05
0.155598705,0.000664231,4.21819E-05
0.155880842,0.000625163,4.20262E-05
0.15616298,0.000596638,4.225E-05
0.156445117,0.00069448,4.2097E-05
0.156727254,0.00068038,4.22432E-05
0.157009391,0.000617237,4.21276E-05
0.157291529,0.000624747,4.21867E-05
0.157573666,0.000629817,4.1997E-05
0.157855803,0.000642281,4.20484E-05
0.158137941,0.000615128,4.19029E-05
0.158420078,0.00058662,4.19334E-05
0.158702215,0.000616605,4.20071E-05
0.158984352,0.000558586,4.18071E-05
0.15926649,0.000523688,4.17861E-05
0.159548627,0.000594671,4.18996E-05
0.159830764,0.000501127,4.15553E-05
0.160112901,0.000539395,4.18727E-05
0.160395039,0.000541821,4.1628E-05
0.160677176,0.000621338,4.17507E-05
0.160959313,0.000535368,4.17734E-05
0.161241451,0.000579712,4.1437E-05
0.161523588,0.000496966,4.15573E-05
0.161805725,0.000577079,4.14784E-05
0.162087862,0.000594946,4.17355E-05
0.16237,0.000601551,4.16935E-05
0.162652137,0.000573503,4.2348E-05
0.162934274,0.000564523,4.33526E-05
0.163216411,0.000539705,4.32932E-05
0.163498549,0.000467275,4.41667E-05
0.163780686,0.000553498,4.42416E-05
0.164062823,0.000575306,4.43124E-05
0.164344961,0.000513884,4.52158E-05
0.164627098,0.000518728,4.47603E-05
0.164909235,0.000517853,4.53414E-05
0.165191372,0.000555126,4.51455E-05
0.16547351,0.000532686,4.53878E-05
0.165755647,0.000531474,4.57934E-05
0.166037784,0.000576676,4.53868E-05
0.166319921,0.000526737,4.57337E-05
0.166602059,0.000535735,4.56475E-05
0.166884196,0.000574193,4.57865E-05
0.167166333,0.000532428,4.60154E-05
0.167448471,0.000509833,4.57238E-05
0.167730608,0.000540399,4.60996E-05
0.168012745,0.000528937,4.61552E-05
0.168294882,0.000446971,4.58625E-05
0.16857702,0.00051744,4.60562E-05
0.168859157,0.000548563,4.61845E-05
0.169141294,0.000433889,4.64219E-05
0.169423431,0.000512641,4.45947E-05
0.169705569,0.000504612,4.43973E-05
0.169987706,0.000530131,4.35887E-05
0.170269843,0.000479529,4.34193E-05
0.17055198,0.000406517,4.30426E-05
0.170834118,0.000510617,4.27935E-05
0.171116255,0.00051301,4.25063E-05
0.171398392,0.00050595,4.22601E-05
0.17168053,0.000489631,4.2354E-05
0.171962667,0.000462747,4.20841E-05
0.172244804,0.000520947,4.20128E-05
0.172526941,0.000431473,4.20636E-05
0.172809079,0.00047371,4.18342E-05
0.173091216,0.000484637,4.17376E-05
0.173373353,0.000527566,4.19144E-05
0.17365549,0.000436312,4.16576E-05
0.173937628,0.000467757,4.19975E-05
0.174219765,0.000501488,4.14625E-05
0.174501902,0.00048933,4.17781E-05
0.17478404,0.000432209,4.12092E-05
0.175066177,0.000454874,4.16568E-05
0.175348314,0.000429359,4.13174E-05
0.175630451,0.000445767,4.12686E-05
0.175912589,0.000461096,4.1311E-05
0.176194726,0.00040808,4.11352E-05
0.176476863,0.000498988,4.13281E-05
0.176759,0.000405236,4.11109E-05
0.177041138,0.000462245,4.10687E-05
0.177323275,0.000507558,4.11603E-05
0.177605412,0.000419449,4.0933E-05
0.17788755,0.000363938,4.10153E-05
0.178169687,0.000410499,4.08726E-05
0.178451824,0.000472352,4.10785E-05
0.178733961,0.000529352,4.09927E-05
0.179016099,0.000479882,4.06132E-05
0.179298236,0.000396348,4.09208E-05
0.179580373,0.000506052,4.07105E-05
0.17986251,0.000435226,4.07831E-05
0.180144648,0.000475194,4.06147E-05
0.180426785,0.00037762,4.07114E-05
0.180708922,0.000404285,4.06209E-05
0.18099106,0.000412323,4.03929E-05
0.181273197,0.000396553,4.05619E-05
0.181555334,0.000410194,4.04393E-05
0.181837471,0.000424629,4.0415E-05
0.182119609,0.000380428,4.05132E-05
0.182401746,0.000367099,4.01462E-05
0.182683883,0.000314993,4.03609E-05
0.18296602,0.000385592,4.02153E-05
0.183248158,0.000360222,4.01995E-05
0.183530295,0.000320543,4.01836E-05
0.183812432,0.000454332,4.01996E-05
0.18409457,0.000391452,4.03827E-05
0.184376707,0.000356343,3.97025E-05
0.184658844,0.000366841,4.01942E-05
0.184940981,0.000438848,4.00949E-05
0.185223119,0.00035078,4.0113E-05
0.185505256,0.000392895,4.01069E-05
0.185787393,0.00036397,3.97137E-05
0.18606953,0.000404294,4.00322E-05
0.186351668,0.000418974,3.98743E-05
0.186633805,0.000403529,3.98448E-05
0.186915942,0.000386279,3.98893E-05
0.18719808,0.000403181,3.98254E-05
0.187480217,0.000446141,4.00264E-05
0.187762354,0.000380935,3.95764E-05
0.188044491,0.000374409,3.97208E-05
0.188326629,0.000299059,3.95621E-05
0.188608766,0.000325491,3.96833E-05
0.188890903,0.00036244,3.97232E-05
0.18917304,0.000391011,3.93492E-05
0.189455178,0.000356249,3.96501E-05
0.189737315,0.000426966,3.94117E-05
0.190019452,0.000271767,3.96706E-05
0.190301589,0.000331143,3.94294E-05
0.190583727,0.000393242,3.92971E-05
0.190865864,0.000308731,3.93265E-05
0.191148001,0.000351587,3.92292E-05
0.191430139,0.000295961,3.94981E-05
0.191712276,0.000288224,3.93008E-05
0.191994413,0.000438973,3.94136E-05
0.19227655,0.000400797,3.93858E-05
0.192558688,0.000303438,3.89848E-05
0.192840825,0.000341704,3.92189E-05
0.193122962,0.000357638,3.92607E-05
0.193405099,0.000394544,3.90869E-05
0.193687237,0.000317222,3.9373E-05
0.193969374,0.000360538,3.88938E-05
0.194251511,0.000322911,3.92484E-05
0.194533649,0.00027401,3.87944E-05
0.194815786,0.000324726,3.89685E-05
0.195097923,0.000293026,3.89272E-05
0.19538006,0.000423286,3.8959E-05
0.195662198,0.000229402,3.89615E-05
0.195944335,0.000357896,3.87188E-05
0.196226472,0.000322474,3.86289E-05
0.196508609,0.000293444,3.87117E-05
0.196790747,0.00031634,3.86981E-05
0.197072884,0.000260387,3.8622E-05
0.197355021,0.000316783,3.83622E-05
0.197637159,0.000325002,3.85463E-05
0.197919296,0.00026766,3.82764E-05
0.198201433,0.000323103,3.85573E-05
0.19848357,0.00021818,3.83562E-05
0.198765708,0.000279447,3.83216E-05
0.199047845,0.000274368,3.84756E-05
0.199329982,0.000337026,3.82849E-05
0.199612119,0.000304668,3.84198E-05
0.199894257,0.000414632,3.80324E-05
0.200176394,0.000297466,3.83628E-05
0.200458531,0.000267806,3.82629E-05
0.200740669,0.000237235,3.80028E-05
0.201022806,0.000306772,3.83581E-05
0.201304943,0.00029963,3.81036E-05
0.20158708,0.000276749,3.82281E-05
0.201869218,0.000325216,3.83955E-05
0.202151355,0.000390469,3.80398E-05
0.202433492,0.00024,3.8319E-05
0.202715629,0.000278647,3.81953E-05
0.202997767,0.000240831,3.82377E-05
0.203279904,0.000317081,3.82042E-05
0.203562041,0.000268038,3.80399E-05
0.203844179,0.000239366,3.83508E-05
0.204126316,0.000308478,3.7921E-05
0.204408453,0.000346964,3.82902E-05
0.20469059,0.000263849,3.79756E-05
0.204972728,0.000281604,3.80945E-05
0.205254865,0.000215039,3.80709E-05
0.205537002,0.00032293,3.79195E-05
0.205819139,0.000263439,3.80342E-05
0.206101277,0.000319184,3.80064E-05
0.206383414,0.000181649,3.78108E-05
0.206665551,0.000279901,3.79446E-05
0.206947688,0.00025311,3.76969E-05
0.207229826,0.000242109,3.79638E-05
0.207511963,0.000232847,3.77815E-05
0.2077941,0.000271938,3.78403E-05
0.208076238,0.000203183,3.77432E-05
0.208358375,0.000239883,3.78199E-05
0.208640512,0.00025174,3.79053E-05
0.208922649,0.000241122,3.74302E-05
0.209204787,0.000250651,3.7824E-05
0.209486924,0.000322573,3.75567E-05
0.209769061,0.00026612,3.7784E-05
0.210051198,0.000255243,3.76516E-05
0.210333336,0.000237868,3.76238E-05
0.210615473,0.00028784,3.77671E-05
0.21089761,0.000310964,3.73893E-05
0.211179748,0.000268009,3.76651E-05
0.211461885,0.000258762,3.7495E-05
0.211744022,0.00024628,3.74455E-05
0.212026159,0.000244838,3.75658E-05
0.212308297,0.000294851,3.74092E-05
0.212590434,0.000241012,3.75449E-05
0.212872571,0.000275165,3.73752E-05
0.213154708,0.000221687,3.73032E-05
0.213436846,0.000208348,3.74875E-05
0.213718983,0.000215745,3.70809E-05
0.21400112,0.000220826,3.73983E-05
0.214283258,0.000219721,3.72352E-05
0.214565395,0.000229196,3.73079E-05
0.214847532,0.000169019,3.73177E-05
0.215129669,0.000253204,3.7184E-05
0.215411807,0.000115503,3.71836E-05
0.215693944,0.000157542,3.7015E-05
0.215976081,0.000216558,3.71403E-05
0.216258218,0.000272637,3.71557E-05
0.216540356,0.000197493,3.70488E-05
0.216822493,0.000156828,3.7142E-05
0.21710463,0.000273058,3.69351E-05
0.217386768,0.00025182,3.72039E-05
0.217668905,0.000257342,3.68483E-05
0.217951042,0.000205521,3.70632E-05
0.218233179,0.000243112,3.70546E-05
0.218515317,0.000245034,3.69154E-05
0.218797454,0.000169865,3.69494E-05
0.219079591,0.000257565,3.68331E-05
0.219361728,0.000247451,3.71389E-05
0.219643866,0.000177033,3.66155E-05
0.219926003,0.000227482,3.6863E-05
0.22020814,0.000188544,3.68474E-05
0.220490278,0.000199755,3.68066E-05
0.220772415,0.000271472,3.68737E-05
0.221054552,0.000219884,3.67416E-05
0.221336689,0.000228,3.67175E-05
0.221618827,0.000157358,3.67361E-05
0.221900964,0.00016728,3.6588E-05
0.222183101,0.000179602,3.68106E-05
0.222465238,0.000195335,3.74195E-05
0.222747376,0.000174438,3.81054E-05
0.223029513,0.000194817,3.8348E-05
0.22331165,0.000153709,3.85912E-05
0.223593787,0.000229325,3.91775E-05
0.223875925,0.000131926,3.8848E-05
0.224158062,0.000203077,3.95614E-05
0.224440199,0.000177094,3.93178E-05
0.224722337,0.000207845,3.94465E-05
0.225004474,0.000211807,3.98551E-05
0.225286611,0.000168085,3.94321E-05
0.225568748,0.000156385,3.9736E-05
0.225850886,0.000170312,3.95368E-05
0.226133023,0.000196237,4.00156E-05
0.22641516,0.000164194,3.98789E-05
0.226697297,0.000230654,3.99199E-05
0.226979435,0.000202901,4.02178E-05
0.227261572,0.000176502,3.99139E-05
0.227543709,0.000188369,4.01735E-05
0.227825847,0.000222862,4.01151E-05
0.228107984,0.000217579,4.04116E-05
0.228390121,0.000198083,4.04508E-05
0.228672258,0.000165498,4.02834E-05
0.228954396,0.000121086,4.02006E-05
0.229236533,0.000169032,4.03849E-05
0.22951867,0.0001939,4.03566E-05
0.229800807,0.000106282,4.0455E-05
0.230082945,0.000184617,4.06226E-05
0.230365082,0.000217098,4.05664E-05
0.230647219,0.00018829,4.05943E-05
0.230929357,0.000224651,4.07289E-05
0.231211494,0.000115976,4.0791E-05
0.231493631,0.000122252,4.05734E-05
0.231775768,0.000206061,4.0776E-05
0.232057906,0.000150103,4.08132E-05
0.232340043,0.000150605,4.08654E-05
0.23262218,0.000215322,4.07787E-05
0.232904317,0.000175641,4.08631E-05
0.233186455,0.000150803,4.10184E-05
0.233468592,0.000168992,4.09644E-05
0.233750729,0.000225514,4.11069E-05
0.234032867,0.000183506,4.097E-05
0.234315004,0.000240626,4.12376E-05
0.234597141,0.000235131,4.10444E-05
0.234879278,0.00021634,4.11116E-05
0.235161416,0.000166143,4.12825E-05
0.235443553,0.000211328,4.1181E-05
0.23572569,0.000211935,4.13586E-05
0.236007827,0.000135258,4.1251E-05
0.236289965,0.000145325,4.12013E-05
0.236572102,0.000199139,4.13245E-05
0.236854239,0.000161313,4.12911E-05
0.237136377,0.000157554,4.14609E-05
0.237418514,0.00014633,4.1122E-05
0.237700651,0.000130271,4.13326E-05
0.237982788,0.00020205,4.15745E-05
0.238264926,0.000147562,4.14463E-05
0.238547063,0.000120736,4.13242E-05
0.2388292,0.000174326,4.15815E-05
0.239111337,0.000112299,4.14805E-05
0.239393475,9.73683E-05,4.14604E-05
0.239675612,0.000126591,4.1557E-05
0.239957749,0.00022947,4.16765E-05
0.240239887,0.000166207,4.15782E-05
0.240522024,0.000162933,4.17298E-05
0.240804161,0.000142433,4.14911E-05
0.241086298,0.000189359,4.17971E-05
0.241368436,0.000134371,4.16545E-05
0.241650573,0.00010226,4.17116E-05
0.24193271,0.000159451,4.19888E-05
0.242214847,0.000179225,4.16429E-05
0.242496985,0.000183662,4.17973E-05
0.242779122,0.000181251,4.15987E-05
0.243061259,0.000195024,4.20134E-05
0.243343396,0.000170434,4.19831E-05
0.243625534,0.000148768,4.16102E-05
0.243907671,8.64809E-05,4.20455E-05
0.244189808,8.27361E-05,4.17511E-05
0.244471946,0.000120212,4.19751E-05
0.244754083,0.000133349,4.20357E-05
0.24503622,0.000143288,4.18468E-05
0.245318357,0.000138242,4.20402E-05
0.245600495,9.78107E-05,4.17566E-05
0.245882632,0.000231478,4.22101E-05
0.246164769,9.84358E-05,4.1866E-05
0.246446906,0.000205808,4.21444E-05
0.246729044,0.000202694,4.23548E-05
0.247011181,0.000128647,4.18284E-05
0.247293318,0.000151763,4.22161E-05
0.247575456,0.000111581,4.28338E-05
0.247857593,0.00010068,4.3877E-05
0.24813973,9.16286E-05,4.41909E-05
0.248421867,0.000180317,4.45571E-05
0.248704005,0.000228944,4.5297E-05
0.248986142,0.000106259,4.55461E-05
0.249268279,0.000201152,4.61829E-05
0.249550416,0.000111686,4.63088E-05
0.249832554,9.10705E-05,4.67743E-05
0.250114691,0.00015364,4.75651E-05
0.250396828,0.00012687,4.73567E-05
0.250678966,7.51468E-05,4.82842E-05
0.250961103,0.000191487,4.79508E-05
0.25124324,0.000235254,4.87654E-05
0.251525377,0.00018181,4.91135E-05
0.251807515,0.000185743,4.90492E-05
0.252089652,0.000190874,4.9403E-05
0.252371789,9.9754E-05,4.91638E-05
0.252653926,0.00011169,5.00626E-05
0.252936064,0.000115062,5.009E-05
0.253218201,0.000120083,5.04374E-05
0.253500338,6.16392E-05,5.08659E-05
0.253782476,0.000149349,5.10664E-05
0.254064613,0.000151387,5.17686E-05
0.25434675,0.000165401,5.14391E-05
0.254628887,0.000147314,5.23759E-05
0.254911025,6.92112E-05,5.25966E-05
0.255193162,0.000133607,5.27829E-05
0.255475299,0.000120967,5.35065E-05
0.255757436,0.000144719,5.30819E-05
0.256039574,0.000186434,5.42512E-05
0.256321711,0.000117668,5.4256E-05
0.256603848,0.000168566,5.48936E-05
0.256885986,0.000267698,5.51874E-05
0.257168123,0.000174459,5.49233E-05
0.25745026,0.000166467,5.59865E-05
0.257732397,0.000192088,5.56758E-05
0.258014535,7.25023E-05,5.55687E-05
0.258296672,8.66676E-05,5.6362E-05
0.258578809,0.000204463,5.62413E-05
0.258860946,0.000143473,5.70833E-05
0.259143084,0.000114792,5.61264E-05
0.259425221,0.000130186,5.69278E-05
0.259707358,0.000232555,5.70982E-05
0.259989495,2.75822E-06,5.72295E-05
0.260271633,9.68829E-05,5.7934E-05
0.26055377,0.000107243,5.72043E-05
0.260835907,8.54998E-05,5.83116E-05
0.261118045,0.000119958,5.78154E-05
0.261400182,0.000103222,5.81234E-05
0.261682319,0.00017244,5.84845E-05
0.261964456,0.000164968,5.84311E-05
0.262246594,9.9534E-05,5.93995E-05
0.262528731,0.000190096,5.89196E-05
0.262810868,0.000128793,5.90203E-05
0.263093005,0.000108448,5.92031E-05
0.263375143,0.000188492,6.01635E-05
0.26365728,1.53574E-05,6.01248E-05
0.263939417,0.000102984,5.93076E-05
0.264221555,0.000100447,6.05014E-05
0.264503692,8.63111E-05,6.01661E-05
0.264785829,8.76094E-05,6.0978E-05
0.265067966,0.000284289,6.10556E-05
0.265350104,0.000243513,6.04487E-05
0.265632241,8.92335E-05,6.19913E-05
0.265914378,0.00011849,6.11396E-05
0.266196515,0.000156293,6.16613E-05
0.266478653,0.000199132,6.17599E-05
0.26676079,0.000182557,6.21801E-05
0.267042927,0.000209343,6.31375E-05
0.267325065,0.000194786,6.17888E-05
0.267607202,0.000190174,6.30604E-05
0.267889339,7.02108E-05,6.23833E-05
0.268171476,0.000124222,6.33545E-05
0.268453614,9.0079E-05,6.31251E-05
0.268735751,0.000128698,6.2027E-05
0.269017888,0.000153889,6.39352E-05
0.269300025,0.000173269,6.26671E-05
0.269582163,3.2425E-05,6.35232E-05
0.2698643,0.000161971,6.23979E-05
0.270146437,0.000145675,6.29865E-05
0.270428575,0.000156857,6.38716E-05
0.270710712,0.000192068,6.30043E-05
0.270992849,0.000139594,6.35191E-05
0.271274986,2.8906E-06,6.29547E-05
0.271557124,0.000109147,6.40871E-05
0.271839261,3.71657E-05,6.50901E-05
0.272121398,0.000166691,6.31035E-05
0.272403535,7.13885E-05,6.53364E-05
0.272685673,8.64052E-05,6.40702E-05
0.27296781,2.25843E-05,6.49782E-05
0.273249947,0.000123736,6.49335E-05
0.273532085,6.4421E-05,6.4846E-05
0.273814222,5.56662E-05,6.63423E-05
0.274096359,0.000128486,6.4813E-05
0.274378496,0.00018412,6.68288E-05
0.274660634,2.20662E-05,6.51683E-05
0.274942771,1.35876E-05,6.62343E-05
0.275224908,0.000176451,6.78016E-05
0.275507045,0.000254863,6.58523E-05
0.275789183,0.00010797,6.74814E-05
0.27607132,1.60075E-05,6.6502E-05
0.276353457,9.05623E-05,6.77157E-05
0.276635594,2.06743E-05,6.77477E-05
0.276917732,0.000156344,6.79358E-05
0.277199869,0.000125571,6.86171E-05
0.277482006,0.000138967,6.78066E-05
0.277764144,0.000154938,6.92197E-05
0.278046281,7.61855E-05,6.81778E-05
0.278328418,6.3803E-05,6.93406E-05
0.278610555,4.12369E-06,7.0066E-05
0.278892693,9.39288E-05,6.83934E-05
0.27917483,9.69258E-05,7.08484E-05
0.279456967,0.000200172,6.93337E-05
0.279739104,-3.2606E-06,7.09511E-05
0.280021242,5.83497E-05,7.01056E-05
0.280303379,9.73738E-06,7.00399E-05
0.280585516,7.91803E-05,7.2399E-05
0.280867654,0.00011974,6.99893E-05
0.281149791,8.08239E-05,7.22002E-05
0.281431928,3.85771E-06,7.11597E-05
0.281714065,8.9659E-05,7.2573E-05
0.281996203,0.000125888,7.35346E-05
0.28227834,0.000231372,7.096E-05
0.282560477,3.92984E-05,7.40769E-05
0.282842614,7.70154E-05,7.1965E-05
0.283124752,0.00025124,7.39492E-05
0.283406889,5.69938E-05,7.42051E-05
0.283689026,6.79298E-05,7.29203E-05
0.283971164,0.000173211,7.61301E-05
0.284253301,5.37522E-05,7.30105E-05
0.284535438,4.71592E-05,7.55112E-05
0.284817575,0.000116311,7.47398E-05
0.285099713,9.71465E-05,7.5223E-05
0.28538185,0.000113436,7.73428E-05
0.285663987,0.000203669,7.45263E-05
0.285946124,8.24006E-05,7.71756E-05
0.286228262,-1.55693E-05,7.59457E-05
0.286510399,0.000152093,7.73997E-05
0.286792536,7.89343E-05,7.74457E-05
0.287074674,4.6598E-05,7.69426E-05
0.287356811,0.000119633,7.86983E-05
0.287638948,0.000236923,7.71094E-05
0.287921085,-1.5146E-05,7.87522E-05
0.288203223,9.40877E-05,7.79021E-05
0.28848536,0.000179498,7.96615E-05
0.288767497,2.40768E-05,8.06452E-05
0.289049634,6.26654E-05,7.77923E-05
0.289331772,8.56702E-05,8.0706E-05
0.289613909,0.000192232,7.91033E-05
0.289896046,8.56582E-05,8.16478E-05
0.290178184,9.34574E-05,8.08092E-05
0.290460321,0.000240905,8.07534E-05
0.290742458,0.000146974,8.3581E-05
0.291024595,2.63973E-05,8.01076E-05
0.291306733,8.59644E-05,8.41035E-05
0.29158887,0.000261287,8.19667E-05
0.291871007,1.17445E-06,8.29588E-05
0.292153144,7.04876E-06,8.56104E-05
0.292435282,0.000145615,8.1294E-05
0.292717419,0.00012395,8.57584E-05
0.292999556,0.000102739,8.32357E-05
0.293281694,5.91248E-05,8.50663E-05
0.293563831,-6.27537E-05,8.55079E-05
0.293845968,8.37016E-05,8.46855E-05
0.294128105,-3.33609E-05,8.79396E-05
0.294410243,0.00023769,8.44387E-05
0.29469238,6.75428E-05,8.82998E-05
0.294974517,5.32098E-05,8.68235E-05
0.295256654,0.000126967,8.77973E-05
0.295538792,0.00011744,9.05083E-05
0.295820929,0.000218489,8.65309E-05
0.296103066,4.68833E-06,9.02878E-05
0.296385203,0.000159057,8.75114E-05
0.296667341,7.55199E-05,8.89098E-05
0.296949478,5.75143E-05,8.90582E-05
0.297231615,8.57083E-05,8.76272E-05
0.297513753,5.88356E-05,9.12316E-05
0.29779589,9.94264E-05,8.64382E-05
0.298078027,0.000200892,9.03164E-05
0.298360164,0.000302343,8.87116E-05
0.298642302,8.55844E-05,8.86839E-05
0.298924439,0.000244761,9.15025E-05
0.299206576,-3.40657E-05,8.62539E-05
0.299488713,0.000109873,9.05273E-05
0.299770851,5.90585E-05,8.78682E-05
0.300052988,8.822E-05,9.02441E-05
0.300335125,7.97826E-05,9.04174E-05
0.300617263,0.000244062,8.93147E-05
0.3008994,-3.96958E-05,9.386E-05
0.301181537,0.000204499,8.90677E-05
0.301463674,0.000185987,9.34911E-05
0.301745812,-2.0067E-06,9.09235E-05
0.302027949,9.26593E-05,9.28159E-05
0.302310086,1.64547E-05,9.65404E-05
0.302592223,8.19616E-05,9.032E-05
0.302874361,6.30913E-05,9.60246E-05
0.303156498,-0.000205066,9.27576E-05
0.303438635,4.63437E-05,9.5599E-05
0.303720773,0.000183534,9.60405E-05
0.30400291,0.000360695,9.58358E-05
0.304285047,8.64352E-05,9.9732E-05
0.304567184,4.50939E-05,9.4659E-05
0.304849322,2.14414E-05,9.88287E-05
0.305131459,0.000123891,9.70153E-05
0.305413596,0.00020886,9.89289E-05
0.305695733,1.15381E-05,0.00010395
0.305977871,3.98279E-05,9.55391E-05
0.306260008,9.47729E-05,0.000103721
0.306542145,0.000252433,9.9262E-05
0.306824283,5.23144E-05,0.000102335
0.30710642,-5.10088E-05,0.00010274
0.307388557,3.68056E-05,0.000101769
0.307670694,0.000220465,0.000107465
0.307952832,-3.63262E-05,0.000100018
0.308234969,0.000271181,0.000107962
0.308517106,5.29697E-05,0.000103281
0.308799243,-3.54314E-05,0.000107504
0.309081381,0.000165923,0.00011068
0.309363518,5.76305E-05,0.00010311
0.309645655,0.000196135,0.00011204
0.309927793,0.00010671,0.000105287
0.31020993,3.40133E-05,0.000111682
0.310492067,8.29155E-05,0.000109245
0.310774204,2.85241E-05,0.000111612
0.311056342,0.000192866,0.000115211
0.311338479,-1.75557E-05,0.000109141
0.311620616,-6.32406E-05,0.000115442
0.311902753,-0.000116334,0.000111621
0.312184891,0.000208484,0.000116764
0.312467028,3.09851E-05,0.00011961
0.312749165,-8.38712E-05,0.000112319
0.313031302,0.000363878,0.000121359
0.31331344,-6.21937E-05,0.000115574
0.313595577,5.21194E-05,0.000121162
0.313877714,8.24468E-05,0.000120893
0.314159852,3.54081E-05,0.000119556
0.314441989,9.9206E-06,0.000125604
0.314724126,8.32224E-05,0.000120323
0.315006263,-0.000124759,0.000125324
0.315288401,0.000104049,0.000125735
0.315570538,0.000263605,0.000126364
0.315852675,0.00014967,0.000130689
0.316134812,-1.87344E-05,0.000125998
0.31641695,0.000401805,0.000131795
0.316699087,0.000125965,0.000131367
0.316981224,0.000147262,0.000132164
0.317263362,0.000333897,0.000137366
0.317545499,0.000124353,0.000133193
0.317827636,-0.000208946,0.000136354
0.318109773,0.000234765,0.000137797
0.318391911,0.000154706,0.00013955
0.318674048,-7.79768E-05,0.000142803
0.318956185,1.48622E-05,0.000140478
0.319238322,-6.70719E-05,0.000143933
0.31952046,0.000208635,0.000145466
0.319802597,0.000102085,0.000145372
0.320084734,7.93287E-05,0.000152231
0.320366872,0.000218531,0.00014765
0.320649009,0.000131305,0.000154376
0.320931146,-5.09793E-05,0.000155528
0.321213283,0.000131795,0.000155521
0.321495421,0.000180114,0.000160191
0.321777558,6.10466E-05,0.000159231
0.322059695,0.000126618,0.000164977
0.322341832,6.31633E-05,0.000166615
0.32262397,-0.000129194,0.000163725
0.322906107,0.000348299,0.000173484
0.323188244,0.000460488,0.000171158
0.323470382,3.4328E-05,0.000178398
0.323752519,0.000354389,0.000179263
0.324034656,0.000296768,0.0001805
0.324316793,-7.38563E-05,0.000185255
0.324598931,-2.60923E-05,0.000188602
0.324881068,5.75183E-05,0.000189541
0.325163205,-6.09206E-05,0.000198058
0.325445342,0.000147027,0.000198793
0.32572748,-4.06844E-05,0.000201453
0.326009617,-0.000250693,0.000211762
0.326291754,0.000343457,0.000208902
0.326573892,-0.00031773,0.000219548
0.326856029,0.000533645,0.000224743
0.327138166,0.000397939,0.000231259
0.327420303,0.000242799,0.000236813
0.327702441,0.000378872,0.000248067
0.327984578,0.000246586,0.000243452
0.328266715,0.000137954,0.000262271
0.328548852,-0.000199304,0.000266325
0.32883099,-8.98596E-05,0.000275911
0.329113127,4.96E-07,0.000301
0.329395264,-0.000354893,0.000299914
0.329677402,0.000344683,0.000318137
0.329959539,-0.000320181,0.000352631
0.330241676,-7.81906E-05,0.000343654
0.330523813,-0.000296292,0.000389114
0.330805951,-1.75237E-05,0.000426173