window_id	sequence_name	seq_start	seq_end	win_len	trusted_seq_start	trusted_seq_end	window_seq
G0	sp|P48510|DSK2_YEAST_Linker1	0	30	30	5	25	KPQTASAAGANNATATGAAAGTGATPNMSS
G1	sp|P48510|DSK2_YEAST_Linker1	5	35	30	10	30	SAAGANNATATGAAAGTGATPNMSSGQSAG
G2	sp|P48510|DSK2_YEAST_Linker1	10	40	30	15	35	NNATATGAAAGTGATPNMSSGQSAGFNPLA
G3	sp|P48510|DSK2_YEAST_Linker1	15	45	30	20	40	TGAAAGTGATPNMSSGQSAGFNPLADLTSA
G4	sp|P48510|DSK2_YEAST_Linker1	20	50	30	25	45	GTGATPNMSSGQSAGFNPLADLTSARYAGY
G5	sp|P48510|DSK2_YEAST_Linker1	25	55	30	30	50	PNMSSGQSAGFNPLADLTSARYAGYLNMPS
G6	sp|P48510|DSK2_YEAST_Linker1	30	60	30	35	55	GQSAGFNPLADLTSARYAGYLNMPSADMFG
G7	sp|P48510|DSK2_YEAST_Linker1	35	65	30	40	60	FNPLADLTSARYAGYLNMPSADMFGPDGGA
G8	sp|P48510|DSK2_YEAST_Linker1	40	70	30	45	65	DLTSARYAGYLNMPSADMFGPDGGALNNDS
G9	sp|P48510|DSK2_YEAST_Linker1	41	71	30	46	66	LTSARYAGYLNMPSADMFGPDGGALNNDSN
G10	sp|P48510|DSK2_YEAST_Linker2	0	30	30	5	25	AGMGSAGGAASAFPAPGGDAPEEGSNTNTT
G11	sp|P48510|DSK2_YEAST_Linker2	5	35	30	10	30	AGGAASAFPAPGGDAPEEGSNTNTTSSSNT
G12	sp|P48510|DSK2_YEAST_Linker2	10	40	30	15	35	SAFPAPGGDAPEEGSNTNTTSSSNTGNNAG
G13	sp|P48510|DSK2_YEAST_Linker2	15	45	30	20	40	PGGDAPEEGSNTNTTSSSNTGNNAGTNAGT
G14	sp|P48510|DSK2_YEAST_Linker2	20	50	30	25	45	PEEGSNTNTTSSSNTGNNAGTNAGTNAGAN
G15	sp|P48510|DSK2_YEAST_Linker2	25	55	30	30	50	NTNTTSSSNTGNNAGTNAGTNAGANTAANP
G16	sp|P48510|DSK2_YEAST_Linker2	30	60	30	35	55	SSSNTGNNAGTNAGTNAGANTAANPFASLL
G17	sp|P48510|DSK2_YEAST_Linker2	35	65	30	40	60	GNNAGTNAGTNAGANTAANPFASLLNPALN
G18	sp|P48510|DSK2_YEAST_Linker2	40	70	30	45	65	TNAGTNAGANTAANPFASLLNPALNPFANA
G19	sp|P48510|DSK2_YEAST_Linker2	45	75	30	50	70	NAGANTAANPFASLLNPALNPFANAGNAAS
G20	sp|P48510|DSK2_YEAST_Linker2	50	80	30	55	75	TAANPFASLLNPALNPFANAGNAASTGMPA
G21	sp|P48510|DSK2_YEAST_Linker2	55	85	30	60	80	FASLLNPALNPFANAGNAASTGMPAFDPAL
G22	sp|P48510|DSK2_YEAST_Linker2	60	90	30	65	85	NPALNPFANAGNAASTGMPAFDPALLASMF
G23	sp|P48510|DSK2_YEAST_Linker2	65	95	30	70	90	PFANAGNAASTGMPAFDPALLASMFQPPVQ
G24	sp|P48510|DSK2_YEAST_Linker2	70	100	30	75	95	GNAASTGMPAFDPALLASMFQPPVQASQAE
G25	sp|P48510|DSK2_YEAST_Linker2	73	103	30	78	98	ASTGMPAFDPALLASMFQPPVQASQAEDTR
G26	sp|Q9UMX0|UBQL1_HUMAN_Linker1	0	30	30	5	25	TQNRPQDHSAQQTNTAGSNVTTSSTPNSNS
G27	sp|Q9UMX0|UBQL1_HUMAN_Linker1	5	35	30	10	30	QDHSAQQTNTAGSNVTTSSTPNSNSTSGSA
G28	sp|Q9UMX0|UBQL1_HUMAN_Linker1	10	40	30	15	35	QQTNTAGSNVTTSSTPNSNSTSGSATSNPF
G29	sp|Q9UMX0|UBQL1_HUMAN_Linker1	15	45	30	20	40	AGSNVTTSSTPNSNSTSGSATSNPFGLGGL
G30	sp|Q9UMX0|UBQL1_HUMAN_Linker1	20	50	30	25	45	TTSSTPNSNSTSGSATSNPFGLGGLGGLAG
G31	sp|Q9UMX0|UBQL1_HUMAN_Linker1	25	55	30	30	50	PNSNSTSGSATSNPFGLGGLGGLAGLSSLG
G32	sp|Q9UMX0|UBQL1_HUMAN_Linker1	30	60	30	35	55	TSGSATSNPFGLGGLGGLAGLSSLGLNTTN
G33	sp|Q9UMX0|UBQL1_HUMAN_Linker1	35	65	30	40	60	TSNPFGLGGLGGLAGLSSLGLNTTNFSELQ
G34	sp|Q9UMX0|UBQL1_HUMAN_Linker1	40	70	30	45	65	GLGGLGGLAGLSSLGLNTTNFSELQSQMQR
G35	sp|Q9UMX0|UBQL1_HUMAN_Linker1	44	74	30	49	69	LGGLAGLSSLGLNTTNFSELQSQMQRQLLS
G36	sp|Q9UMX0|UBQL1_HUMAN_Linker2	0	30	30	5	25	MRNQDRALSNLESIPGGYNALRRMYTDIQE
G37	sp|Q9UMX0|UBQL1_HUMAN_Linker2	5	35	30	10	30	RALSNLESIPGGYNALRRMYTDIQEPMLSA
G38	sp|Q9UMX0|UBQL1_HUMAN_Linker2	10	40	30	15	35	LESIPGGYNALRRMYTDIQEPMLSAAQEQF
G39	sp|Q9UMX0|UBQL1_HUMAN_Linker2	15	45	30	20	40	GGYNALRRMYTDIQEPMLSAAQEQFGGNPF
G40	sp|Q9UMX0|UBQL1_HUMAN_Linker2	20	50	30	25	45	LRRMYTDIQEPMLSAAQEQFGGNPFASLVS
G41	sp|Q9UMX0|UBQL1_HUMAN_Linker2	25	55	30	30	50	TDIQEPMLSAAQEQFGGNPFASLVSNTSSG
G42	sp|Q9UMX0|UBQL1_HUMAN_Linker2	30	60	30	35	55	PMLSAAQEQFGGNPFASLVSNTSSGEGSQP
G43	sp|Q9UMX0|UBQL1_HUMAN_Linker2	35	65	30	40	60	AQEQFGGNPFASLVSNTSSGEGSQPSRTEN
G44	sp|Q9UMX0|UBQL1_HUMAN_Linker2	40	70	30	45	65	GGNPFASLVSNTSSGEGSQPSRTENRDPLP
G45	sp|Q9UMX0|UBQL1_HUMAN_Linker2	45	75	30	50	70	ASLVSNTSSGEGSQPSRTENRDPLPNPWAP
G46	sp|Q9UMX0|UBQL1_HUMAN_Linker2	50	80	30	55	75	NTSSGEGSQPSRTENRDPLPNPWAPQTSQS
G47	sp|Q9UMX0|UBQL1_HUMAN_Linker2	55	85	30	60	80	EGSQPSRTENRDPLPNPWAPQTSQSSSASS
G48	sp|Q9UMX0|UBQL1_HUMAN_Linker2	60	90	30	65	85	SRTENRDPLPNPWAPQTSQSSSASSGTAST
G49	sp|Q9UMX0|UBQL1_HUMAN_Linker2	65	95	30	70	90	RDPLPNPWAPQTSQSSSASSGTASTVGGTT
G50	sp|Q9UMX0|UBQL1_HUMAN_Linker2	70	100	30	75	95	NPWAPQTSQSSSASSGTASTVGGTTGSTAS
G51	sp|Q9UMX0|UBQL1_HUMAN_Linker2	75	105	30	80	100	QTSQSSSASSGTASTVGGTTGSTASGTSGQ
G52	sp|Q9UMX0|UBQL1_HUMAN_Linker2	80	110	30	85	105	SSASSGTASTVGGTTGSTASGTSGQSTTAP
G53	sp|Q9UMX0|UBQL1_HUMAN_Linker2	85	115	30	90	110	GTASTVGGTTGSTASGTSGQSTTAPNLVPG
G54	sp|Q9UMX0|UBQL1_HUMAN_Linker2	90	120	30	95	115	VGGTTGSTASGTSGQSTTAPNLVPGVGASM
G55	sp|Q9UMX0|UBQL1_HUMAN_Linker2	95	125	30	100	120	GSTASGTSGQSTTAPNLVPGVGASMFNTPG
G56	sp|Q9UMX0|UBQL1_HUMAN_Linker2	100	130	30	105	125	GTSGQSTTAPNLVPGVGASMFNTPGMQSLL
G57	sp|Q9UMX0|UBQL1_HUMAN_Linker2	105	135	30	110	130	STTAPNLVPGVGASMFNTPGMQSLLQQITE
G58	sp|Q9UMX0|UBQL1_HUMAN_Linker3	0	30	30	5	25	QTLATEAPGLIPGFTPGLGALGSTGGSSGT
G59	sp|Q9UMX0|UBQL1_HUMAN_Linker3	5	35	30	10	30	EAPGLIPGFTPGLGALGSTGGSSGTNGSNA
G60	sp|Q9UMX0|UBQL1_HUMAN_Linker3	10	40	30	15	35	IPGFTPGLGALGSTGGSSGTNGSNATPSEN
G61	sp|Q9UMX0|UBQL1_HUMAN_Linker3	15	45	30	20	40	PGLGALGSTGGSSGTNGSNATPSENTSPTA
G62	sp|Q9UMX0|UBQL1_HUMAN_Linker3	20	50	30	25	45	LGSTGGSSGTNGSNATPSENTSPTAGTTEP
G63	sp|Q9UMX0|UBQL1_HUMAN_Linker3	25	55	30	30	50	GSSGTNGSNATPSENTSPTAGTTEPGHQQF
G64	sp|Q9UMX0|UBQL1_HUMAN_Linker3	30	60	30	35	55	NGSNATPSENTSPTAGTTEPGHQQFIQQML
G65	sp|Q9UMX0|UBQL1_HUMAN_Linker3	35	65	30	40	60	TPSENTSPTAGTTEPGHQQFIQQMLQALAG
G66	sp|Q9UMX0|UBQL1_HUMAN_Linker3	40	70	30	45	65	TSPTAGTTEPGHQQFIQQMLQALAGVNPQL
G67	sp|Q9UMX0|UBQL1_HUMAN_Linker3	41	71	30	46	66	SPTAGTTEPGHQQFIQQMLQALAGVNPQLQ
G68	sp|Q9UHD9|UBQL2_HUMAN_Linker1	0	30	30	5	25	SQNRPQGQSTQPSNAAGTNTTSASTPRSNS
G69	sp|Q9UHD9|UBQL2_HUMAN_Linker1	5	35	30	10	30	QGQSTQPSNAAGTNTTSASTPRSNSTPIST
G70	sp|Q9UHD9|UBQL2_HUMAN_Linker1	10	40	30	15	35	QPSNAAGTNTTSASTPRSNSTPISTNSNPF
G71	sp|Q9UHD9|UBQL2_HUMAN_Linker1	15	45	30	20	40	AGTNTTSASTPRSNSTPISTNSNPFGLGSL
G72	sp|Q9UHD9|UBQL2_HUMAN_Linker1	20	50	30	25	45	TSASTPRSNSTPISTNSNPFGLGSLGGLAG
G73	sp|Q9UHD9|UBQL2_HUMAN_Linker1	25	55	30	30	50	PRSNSTPISTNSNPFGLGSLGGLAGLSSLG
G74	sp|Q9UHD9|UBQL2_HUMAN_Linker1	30	60	30	35	55	TPISTNSNPFGLGSLGGLAGLSSLGLSSTN
G75	sp|Q9UHD9|UBQL2_HUMAN_Linker1	35	65	30	40	60	NSNPFGLGSLGGLAGLSSLGLSSTNFSELQ
G76	sp|Q9UHD9|UBQL2_HUMAN_Linker1	40	70	30	45	65	GLGSLGGLAGLSSLGLSSTNFSELQSQMQQ
G77	sp|Q9UHD9|UBQL2_HUMAN_Linker1	44	74	30	49	69	LGGLAGLSSLGLSSTNFSELQSQMQQQLMA
G78	sp|Q9UHD9|UBQL2_HUMAN_Linker2	0	30	30	5	25	MRNQDLALSNLESIPGGYNALRRMYTDIQE
G79	sp|Q9UHD9|UBQL2_HUMAN_Linker2	5	35	30	10	30	LALSNLESIPGGYNALRRMYTDIQEPMLNA
G80	sp|Q9UHD9|UBQL2_HUMAN_Linker2	10	40	30	15	35	LESIPGGYNALRRMYTDIQEPMLNAAQEQF
G81	sp|Q9UHD9|UBQL2_HUMAN_Linker2	15	45	30	20	40	GGYNALRRMYTDIQEPMLNAAQEQFGGNPF
G82	sp|Q9UHD9|UBQL2_HUMAN_Linker2	20	50	30	25	45	LRRMYTDIQEPMLNAAQEQFGGNPFASVGS
G83	sp|Q9UHD9|UBQL2_HUMAN_Linker2	25	55	30	30	50	TDIQEPMLNAAQEQFGGNPFASVGSSSSSG
G84	sp|Q9UHD9|UBQL2_HUMAN_Linker2	30	60	30	35	55	PMLNAAQEQFGGNPFASVGSSSSSGEGTQP
G85	sp|Q9UHD9|UBQL2_HUMAN_Linker2	35	65	30	40	60	AQEQFGGNPFASVGSSSSSGEGTQPSRTEN
G86	sp|Q9UHD9|UBQL2_HUMAN_Linker2	40	70	30	45	65	GGNPFASVGSSSSSGEGTQPSRTENRDPLP
G87	sp|Q9UHD9|UBQL2_HUMAN_Linker2	45	75	30	50	70	ASVGSSSSSGEGTQPSRTENRDPLPNPWAP
G88	sp|Q9UHD9|UBQL2_HUMAN_Linker2	50	80	30	55	75	SSSSGEGTQPSRTENRDPLPNPWAPPPATQ
G89	sp|Q9UHD9|UBQL2_HUMAN_Linker2	55	85	30	60	80	EGTQPSRTENRDPLPNPWAPPPATQSSATT
G90	sp|Q9UHD9|UBQL2_HUMAN_Linker2	60	90	30	65	85	SRTENRDPLPNPWAPPPATQSSATTSTTTS
G91	sp|Q9UHD9|UBQL2_HUMAN_Linker2	65	95	30	70	90	RDPLPNPWAPPPATQSSATTSTTTSTGSGS
G92	sp|Q9UHD9|UBQL2_HUMAN_Linker2	70	100	30	75	95	NPWAPPPATQSSATTSTTTSTGSGSGNSSS
G93	sp|Q9UHD9|UBQL2_HUMAN_Linker2	75	105	30	80	100	PPATQSSATTSTTTSTGSGSGNSSSNATGN
G94	sp|Q9UHD9|UBQL2_HUMAN_Linker2	80	110	30	85	105	SSATTSTTTSTGSGSGNSSSNATGNTVAAA
G95	sp|Q9UHD9|UBQL2_HUMAN_Linker2	85	115	30	90	110	STTTSTGSGSGNSSSNATGNTVAAANYVAS
G96	sp|Q9UHD9|UBQL2_HUMAN_Linker2	90	120	30	95	115	TGSGSGNSSSNATGNTVAAANYVASIFSTP
G97	sp|Q9UHD9|UBQL2_HUMAN_Linker2	95	125	30	100	120	GNSSSNATGNTVAAANYVASIFSTPGMQSL
G98	sp|Q9UHD9|UBQL2_HUMAN_Linker2	100	130	30	105	125	NATGNTVAAANYVASIFSTPGMQSLLQQIT
G99	sp|Q9UHD9|UBQL2_HUMAN_Linker2	101	131	30	106	126	ATGNTVAAANYVASIFSTPGMQSLLQQITE
G100	sp|Q9UHD9|UBQL2_HUMAN_Linker3	0	30	30	5	25	QTLATEAPGLIPSFTPGVGVGVLGTAIGPV
G101	sp|Q9UHD9|UBQL2_HUMAN_Linker3	5	35	30	10	30	EAPGLIPSFTPGVGVGVLGTAIGPVGPVTP
G102	sp|Q9UHD9|UBQL2_HUMAN_Linker3	10	40	30	15	35	IPSFTPGVGVGVLGTAIGPVGPVTPIGPIG
G103	sp|Q9UHD9|UBQL2_HUMAN_Linker3	15	45	30	20	40	PGVGVGVLGTAIGPVGPVTPIGPIGPIVPF
G104	sp|Q9UHD9|UBQL2_HUMAN_Linker3	20	50	30	25	45	GVLGTAIGPVGPVTPIGPIGPIVPFTPIGP
G105	sp|Q9UHD9|UBQL2_HUMAN_Linker3	25	55	30	30	50	AIGPVGPVTPIGPIGPIVPFTPIGPIGPIG
G106	sp|Q9UHD9|UBQL2_HUMAN_Linker3	30	60	30	35	55	GPVTPIGPIGPIVPFTPIGPIGPIGPTGPA
G107	sp|Q9UHD9|UBQL2_HUMAN_Linker3	35	65	30	40	60	IGPIGPIVPFTPIGPIGPIGPTGPAAPPGS
G108	sp|Q9UHD9|UBQL2_HUMAN_Linker3	40	70	30	45	65	PIVPFTPIGPIGPIGPTGPAAPPGSTGSGG
G109	sp|Q9UHD9|UBQL2_HUMAN_Linker3	45	75	30	50	70	TPIGPIGPIGPTGPAAPPGSTGSGGPTGPT
G110	sp|Q9UHD9|UBQL2_HUMAN_Linker3	50	80	30	55	75	IGPIGPTGPAAPPGSTGSGGPTGPTVSSAA
G111	sp|Q9UHD9|UBQL2_HUMAN_Linker3	55	85	30	60	80	PTGPAAPPGSTGSGGPTGPTVSSAAPSETT
G112	sp|Q9UHD9|UBQL2_HUMAN_Linker3	60	90	30	65	85	APPGSTGSGGPTGPTVSSAAPSETTSPTSE
G113	sp|Q9UHD9|UBQL2_HUMAN_Linker3	65	95	30	70	90	TGSGGPTGPTVSSAAPSETTSPTSESGPNQ
G114	sp|Q9UHD9|UBQL2_HUMAN_Linker3	70	100	30	75	95	PTGPTVSSAAPSETTSPTSESGPNQQFIQQ
G115	sp|Q9UHD9|UBQL2_HUMAN_Linker3	75	105	30	80	100	VSSAAPSETTSPTSESGPNQQFIQQMVQAL
G116	sp|Q9UHD9|UBQL2_HUMAN_Linker3	80	110	30	85	105	PSETTSPTSESGPNQQFIQQMVQALAGANA
G117	sp|Q9UHD9|UBQL2_HUMAN_Linker3	84	114	30	89	109	TSPTSESGPNQQFIQQMVQALAGANAPQLP
G118	sp|Q9NRR5|UBQL4_HUMAN_Linker1	0	30	30	5	25	TPQKAQDPAAATASSPSTPDPASAPSTTPA
G119	sp|Q9NRR5|UBQL4_HUMAN_Linker1	5	35	30	10	30	QDPAAATASSPSTPDPASAPSTTPASPATP
G120	sp|Q9NRR5|UBQL4_HUMAN_Linker1	10	40	30	15	35	ATASSPSTPDPASAPSTTPASPATPAQPST
G121	sp|Q9NRR5|UBQL4_HUMAN_Linker1	15	45	30	20	40	PSTPDPASAPSTTPASPATPAQPSTSGSAS
G122	sp|Q9NRR5|UBQL4_HUMAN_Linker1	20	50	30	25	45	PASAPSTTPASPATPAQPSTSGSASSDAGS
G123	sp|Q9NRR5|UBQL4_HUMAN_Linker1	25	55	30	30	50	STTPASPATPAQPSTSGSASSDAGSGSRRS
G124	sp|Q9NRR5|UBQL4_HUMAN_Linker1	30	60	30	35	55	SPATPAQPSTSGSASSDAGSGSRRSSGGGP
G125	sp|Q9NRR5|UBQL4_HUMAN_Linker1	35	65	30	40	60	AQPSTSGSASSDAGSGSRRSSGGGPSPGAG
G126	sp|Q9NRR5|UBQL4_HUMAN_Linker1	40	70	30	45	65	SGSASSDAGSGSRRSSGGGPSPGAGEGSPS
G127	sp|Q9NRR5|UBQL4_HUMAN_Linker1	45	75	30	50	70	SDAGSGSRRSSGGGPSPGAGEGSPSATASI
G128	sp|Q9NRR5|UBQL4_HUMAN_Linker1	50	80	30	55	75	GSRRSSGGGPSPGAGEGSPSATASILSGFG
G129	sp|Q9NRR5|UBQL4_HUMAN_Linker1	55	85	30	60	80	SGGGPSPGAGEGSPSATASILSGFGGILGL
G130	sp|Q9NRR5|UBQL4_HUMAN_Linker1	60	90	30	65	85	SPGAGEGSPSATASILSGFGGILGLGSLGL
G131	sp|Q9NRR5|UBQL4_HUMAN_Linker1	65	95	30	70	90	EGSPSATASILSGFGGILGLGSLGLGSANF
G132	sp|Q9NRR5|UBQL4_HUMAN_Linker1	70	100	30	75	95	ATASILSGFGGILGLGSLGLGSANFMELQQ
G133	sp|Q9NRR5|UBQL4_HUMAN_Linker1	75	105	30	80	100	LSGFGGILGLGSLGLGSANFMELQQQMQRQ
G134	sp|Q9NRR5|UBQL4_HUMAN_Linker1	78	108	30	83	103	FGGILGLGSLGLGSANFMELQQQMQRQLMS
G135	sp|Q9NRR5|UBQL4_HUMAN_Linker2	0	30	30	5	25	MRNQDRALSNLESIPGGYNALRRMYTDIQE
G136	sp|Q9NRR5|UBQL4_HUMAN_Linker2	5	35	30	10	30	RALSNLESIPGGYNALRRMYTDIQEPMFSA
G137	sp|Q9NRR5|UBQL4_HUMAN_Linker2	10	40	30	15	35	LESIPGGYNALRRMYTDIQEPMFSAAREQF
G138	sp|Q9NRR5|UBQL4_HUMAN_Linker2	15	45	30	20	40	GGYNALRRMYTDIQEPMFSAAREQFGNNPF
G139	sp|Q9NRR5|UBQL4_HUMAN_Linker2	20	50	30	25	45	LRRMYTDIQEPMFSAAREQFGNNPFSSLAG
G140	sp|Q9NRR5|UBQL4_HUMAN_Linker2	25	55	30	30	50	TDIQEPMFSAAREQFGNNPFSSLAGNSDSS
G141	sp|Q9NRR5|UBQL4_HUMAN_Linker2	30	60	30	35	55	PMFSAAREQFGNNPFSSLAGNSDSSSSQPL
G142	sp|Q9NRR5|UBQL4_HUMAN_Linker2	35	65	30	40	60	AREQFGNNPFSSLAGNSDSSSSQPLRTENR
G143	sp|Q9NRR5|UBQL4_HUMAN_Linker2	40	70	30	45	65	GNNPFSSLAGNSDSSSSQPLRTENREPLPN
G144	sp|Q9NRR5|UBQL4_HUMAN_Linker2	45	75	30	50	70	SSLAGNSDSSSSQPLRTENREPLPNPWSPS
G145	sp|Q9NRR5|UBQL4_HUMAN_Linker2	50	80	30	55	75	NSDSSSSQPLRTENREPLPNPWSPSPPTSQ
G146	sp|Q9NRR5|UBQL4_HUMAN_Linker2	55	85	30	60	80	SSQPLRTENREPLPNPWSPSPPTSQAPGSG
G147	sp|Q9NRR5|UBQL4_HUMAN_Linker2	60	90	30	65	85	RTENREPLPNPWSPSPPTSQAPGSGGEGTG
G148	sp|Q9NRR5|UBQL4_HUMAN_Linker2	65	95	30	70	90	EPLPNPWSPSPPTSQAPGSGGEGTGGSGTS
G149	sp|Q9NRR5|UBQL4_HUMAN_Linker2	70	100	30	75	95	PWSPSPPTSQAPGSGGEGTGGSGTSQVHPT
G150	sp|Q9NRR5|UBQL4_HUMAN_Linker2	75	105	30	80	100	PPTSQAPGSGGEGTGGSGTSQVHPTVSNPF
G151	sp|Q9NRR5|UBQL4_HUMAN_Linker2	80	110	30	85	105	APGSGGEGTGGSGTSQVHPTVSNPFGINAA
G152	sp|Q9NRR5|UBQL4_HUMAN_Linker2	85	115	30	90	110	GEGTGGSGTSQVHPTVSNPFGINAASLGSG
G153	sp|Q9NRR5|UBQL4_HUMAN_Linker2	90	120	30	95	115	GSGTSQVHPTVSNPFGINAASLGSGMFNSP
G154	sp|Q9NRR5|UBQL4_HUMAN_Linker2	95	125	30	100	120	QVHPTVSNPFGINAASLGSGMFNSPEMQAL
G155	sp|Q9NRR5|UBQL4_HUMAN_Linker2	100	130	30	105	125	VSNPFGINAASLGSGMFNSPEMQALLQQIS
G156	sp|Q9NRR5|UBQL4_HUMAN_Linker2	101	131	30	106	126	SNPFGINAASLGSGMFNSPEMQALLQQISE
G157	sp|Q9NRR5|UBQL4_HUMAN_Linker3	0	30	30	5	25	QTLQTEAPGLVPSLGSFGISRTPAPSAGSN
G158	sp|Q9NRR5|UBQL4_HUMAN_Linker3	5	35	30	10	30	EAPGLVPSLGSFGISRTPAPSAGSNAGSTP
G159	sp|Q9NRR5|UBQL4_HUMAN_Linker3	10	40	30	15	35	VPSLGSFGISRTPAPSAGSNAGSTPEAPTS
G160	sp|Q9NRR5|UBQL4_HUMAN_Linker3	15	45	30	20	40	SFGISRTPAPSAGSNAGSTPEAPTSSPATP
G161	sp|Q9NRR5|UBQL4_HUMAN_Linker3	20	50	30	25	45	RTPAPSAGSNAGSTPEAPTSSPATPATSSP
G162	sp|Q9NRR5|UBQL4_HUMAN_Linker3	25	55	30	30	50	SAGSNAGSTPEAPTSSPATPATSSPTGASS
G163	sp|Q9NRR5|UBQL4_HUMAN_Linker3	30	60	30	35	55	AGSTPEAPTSSPATPATSSPTGASSAQQQL
G164	sp|Q9NRR5|UBQL4_HUMAN_Linker3	35	65	30	40	60	EAPTSSPATPATSSPTGASSAQQQLMQQMI
G165	sp|Q9NRR5|UBQL4_HUMAN_Linker3	40	70	30	45	65	SPATPATSSPTGASSAQQQLMQQMIQLLAG
G166	sp|Q9NRR5|UBQL4_HUMAN_Linker3	45	75	30	50	70	ATSSPTGASSAQQQLMQQMIQLLAGSGNSQ
G167	sp|Q9NRR5|UBQL4_HUMAN_Linker3	47	77	30	52	72	SSPTGASSAQQQLMQQMIQLLAGSGNSQVQ
G168	sp|Q9SII8|DSK2B_ARATH_Linker1	0	30	30	5	25	SAPPPAPAASQTTAPSVTRGVGSDNSSNLG
G169	sp|Q9SII8|DSK2B_ARATH_Linker1	5	35	30	10	30	APAASQTTAPSVTRGVGSDNSSNLGGASPG
G170	sp|Q9SII8|DSK2B_ARATH_Linker1	10	40	30	15	35	QTTAPSVTRGVGSDNSSNLGGASPGESLFP
G171	sp|Q9SII8|DSK2B_ARATH_Linker1	15	45	30	20	40	SVTRGVGSDNSSNLGGASPGESLFPGLGFN
G172	sp|Q9SII8|DSK2B_ARATH_Linker1	20	50	30	25	45	VGSDNSSNLGGASPGESLFPGLGFNPLGGG
G173	sp|Q9SII8|DSK2B_ARATH_Linker1	25	55	30	30	50	SSNLGGASPGESLFPGLGFNPLGGGNAMSG
G174	sp|Q9SII8|DSK2B_ARATH_Linker1	30	60	30	35	55	GASPGESLFPGLGFNPLGGGNAMSGLFGAG
G175	sp|Q9SII8|DSK2B_ARATH_Linker1	35	65	30	40	60	ESLFPGLGFNPLGGGNAMSGLFGAGLPDLV
G176	sp|Q9SII8|DSK2B_ARATH_Linker1	40	70	30	45	65	GLGFNPLGGGNAMSGLFGAGLPDLVQTQQQ
G177	sp|Q9SII8|DSK2B_ARATH_Linker1	44	74	30	49	69	NPLGGGNAMSGLFGAGLPDLVQTQQQLAQN
G178	sp|Q9SII8|DSK2B_ARATH_Linker2	0	30	30	5	25	MRNTDRAMSNIESMPEGFNMLRRMYENVQE
G179	sp|Q9SII8|DSK2B_ARATH_Linker2	5	35	30	10	30	RAMSNIESMPEGFNMLRRMYENVQEPLMNA
G180	sp|Q9SII8|DSK2B_ARATH_Linker2	10	40	30	15	35	IESMPEGFNMLRRMYENVQEPLMNATTMSG
G181	sp|Q9SII8|DSK2B_ARATH_Linker2	15	45	30	20	40	EGFNMLRRMYENVQEPLMNATTMSGNAGNN
G182	sp|Q9SII8|DSK2B_ARATH_Linker2	20	50	30	25	45	LRRMYENVQEPLMNATTMSGNAGNNTGSNP
G183	sp|Q9SII8|DSK2B_ARATH_Linker2	25	55	30	30	50	ENVQEPLMNATTMSGNAGNNTGSNPFAALL
G184	sp|Q9SII8|DSK2B_ARATH_Linker2	30	60	30	35	55	PLMNATTMSGNAGNNTGSNPFAALLGNQGV
G185	sp|Q9SII8|DSK2B_ARATH_Linker2	35	65	30	40	60	TTMSGNAGNNTGSNPFAALLGNQGVTTQGS
G186	sp|Q9SII8|DSK2B_ARATH_Linker2	40	70	30	45	65	NAGNNTGSNPFAALLGNQGVTTQGSDASNN
G187	sp|Q9SII8|DSK2B_ARATH_Linker2	45	75	30	50	70	TGSNPFAALLGNQGVTTQGSDASNNSSTPN
G188	sp|Q9SII8|DSK2B_ARATH_Linker2	50	80	30	55	75	FAALLGNQGVTTQGSDASNNSSTPNAGTGT
G189	sp|Q9SII8|DSK2B_ARATH_Linker2	55	85	30	60	80	GNQGVTTQGSDASNNSSTPNAGTGTIPNAN
G190	sp|Q9SII8|DSK2B_ARATH_Linker2	60	90	30	65	85	TTQGSDASNNSSTPNAGTGTIPNANPLPNP
G191	sp|Q9SII8|DSK2B_ARATH_Linker2	65	95	30	70	90	DASNNSSTPNAGTGTIPNANPLPNPWGATG
G192	sp|Q9SII8|DSK2B_ARATH_Linker2	70	100	30	75	95	SSTPNAGTGTIPNANPLPNPWGATGGQTTA
G193	sp|Q9SII8|DSK2B_ARATH_Linker2	75	105	30	80	100	AGTGTIPNANPLPNPWGATGGQTTAPGRTN
G194	sp|Q9SII8|DSK2B_ARATH_Linker2	80	110	30	85	105	IPNANPLPNPWGATGGQTTAPGRTNVGGDA
G195	sp|Q9SII8|DSK2B_ARATH_Linker2	85	115	30	90	110	PLPNPWGATGGQTTAPGRTNVGGDARSPGL
G196	sp|Q9SII8|DSK2B_ARATH_Linker2	90	120	30	95	115	WGATGGQTTAPGRTNVGGDARSPGLGGLGG
G197	sp|Q9SII8|DSK2B_ARATH_Linker2	95	125	30	100	120	GQTTAPGRTNVGGDARSPGLGGLGGLGSLG
G198	sp|Q9SII8|DSK2B_ARATH_Linker2	100	130	30	105	125	PGRTNVGGDARSPGLGGLGGLGSLGGLGGL
G199	sp|Q9SII8|DSK2B_ARATH_Linker2	105	135	30	110	130	VGGDARSPGLGGLGGLGSLGGLGGLGMLGA
G200	sp|Q9SII8|DSK2B_ARATH_Linker2	110	140	30	115	135	RSPGLGGLGGLGSLGGLGGLGMLGADSPLG
G201	sp|Q9SII8|DSK2B_ARATH_Linker2	114	144	30	119	139	LGGLGGLGSLGGLGGLGMLGADSPLGATPD
G202	sp|Q9SII8|DSK2B_ARATH_Linker3	0	30	30	5	25	MTLQQSLSQNRNTASQDAGQTGAATGNNGG
G203	sp|Q9SII8|DSK2B_ARATH_Linker3	5	35	30	10	30	SLSQNRNTASQDAGQTGAATGNNGGLDLLM
G204	sp|Q9SII8|DSK2B_ARATH_Linker3	10	40	30	15	35	RNTASQDAGQTGAATGNNGGLDLLMNMFGS
G205	sp|Q9SII8|DSK2B_ARATH_Linker3	15	45	30	20	40	QDAGQTGAATGNNGGLDLLMNMFGSLGAGG
G206	sp|Q9SII8|DSK2B_ARATH_Linker3	20	50	30	25	45	TGAATGNNGGLDLLMNMFGSLGAGGLSGTN
G207	sp|Q9SII8|DSK2B_ARATH_Linker3	24	54	30	29	49	TGNNGGLDLLMNMFGSLGAGGLSGTNQSNV
G208	sp|Q9SII9|DSK2A_ARATH_Linker1	0	30	30	5	25	SPSAPAANAGNQTTAPQAVGSNDSSNLGGG
G209	sp|Q9SII9|DSK2A_ARATH_Linker1	5	35	30	10	30	AANAGNQTTAPQAVGSNDSSNLGGGESLFP
G210	sp|Q9SII9|DSK2A_ARATH_Linker1	10	40	30	15	35	NQTTAPQAVGSNDSSNLGGGESLFPGLGFN
G211	sp|Q9SII9|DSK2A_ARATH_Linker1	15	45	30	20	40	PQAVGSNDSSNLGGGESLFPGLGFNPLGGG
G212	sp|Q9SII9|DSK2A_ARATH_Linker1	20	50	30	25	45	SNDSSNLGGGESLFPGLGFNPLGGGNAMAG
G213	sp|Q9SII9|DSK2A_ARATH_Linker1	25	55	30	30	50	NLGGGESLFPGLGFNPLGGGNAMAGLFGSG
G214	sp|Q9SII9|DSK2A_ARATH_Linker1	30	60	30	35	55	ESLFPGLGFNPLGGGNAMAGLFGSGLPDLE
G215	sp|Q9SII9|DSK2A_ARATH_Linker1	35	65	30	40	60	GLGFNPLGGGNAMAGLFGSGLPDLEQAQQQ
G216	sp|Q9SII9|DSK2A_ARATH_Linker1	39	69	30	44	64	NPLGGGNAMAGLFGSGLPDLEQAQQQLAQN
G217	sp|Q9SII9|DSK2A_ARATH_Linker2	0	30	30	5	25	MRNTDRAMSNIESMPEGFNMLRRMYENVQE
G218	sp|Q9SII9|DSK2A_ARATH_Linker2	5	35	30	10	30	RAMSNIESMPEGFNMLRRMYENVQEPLMNA
G219	sp|Q9SII9|DSK2A_ARATH_Linker2	10	40	30	15	35	IESMPEGFNMLRRMYENVQEPLMNATTMSE
G220	sp|Q9SII9|DSK2A_ARATH_Linker2	15	45	30	20	40	EGFNMLRRMYENVQEPLMNATTMSENAGNN
G221	sp|Q9SII9|DSK2A_ARATH_Linker2	20	50	30	25	45	LRRMYENVQEPLMNATTMSENAGNNTSSNP
G222	sp|Q9SII9|DSK2A_ARATH_Linker2	25	55	30	30	50	ENVQEPLMNATTMSENAGNNTSSNPFAALL
G223	sp|Q9SII9|DSK2A_ARATH_Linker2	30	60	30	35	55	PLMNATTMSENAGNNTSSNPFAALLGNQGV
G224	sp|Q9SII9|DSK2A_ARATH_Linker2	35	65	30	40	60	TTMSENAGNNTSSNPFAALLGNQGVTTQGS
G225	sp|Q9SII9|DSK2A_ARATH_Linker2	40	70	30	45	65	NAGNNTSSNPFAALLGNQGVTTQGSDTSNN
G226	sp|Q9SII9|DSK2A_ARATH_Linker2	45	75	30	50	70	TSSNPFAALLGNQGVTTQGSDTSNNISAPN
G227	sp|Q9SII9|DSK2A_ARATH_Linker2	50	80	30	55	75	FAALLGNQGVTTQGSDTSNNISAPNAETGT
G228	sp|Q9SII9|DSK2A_ARATH_Linker2	55	85	30	60	80	GNQGVTTQGSDTSNNISAPNAETGTPNANP
G229	sp|Q9SII9|DSK2A_ARATH_Linker2	60	90	30	65	85	TTQGSDTSNNISAPNAETGTPNANPLPNPW
G230	sp|Q9SII9|DSK2A_ARATH_Linker2	65	95	30	70	90	DTSNNISAPNAETGTPNANPLPNPWGATAG
G231	sp|Q9SII9|DSK2A_ARATH_Linker2	70	100	30	75	95	ISAPNAETGTPNANPLPNPWGATAGQTTAP
G232	sp|Q9SII9|DSK2A_ARATH_Linker2	75	105	30	80	100	AETGTPNANPLPNPWGATAGQTTAPGRTNA
G233	sp|Q9SII9|DSK2A_ARATH_Linker2	80	110	30	85	105	PNANPLPNPWGATAGQTTAPGRTNAGLGGL
G234	sp|Q9SII9|DSK2A_ARATH_Linker2	85	115	30	90	110	LPNPWGATAGQTTAPGRTNAGLGGLGGLGG
G235	sp|Q9SII9|DSK2A_ARATH_Linker2	90	120	30	95	115	GATAGQTTAPGRTNAGLGGLGGLGGLGGLG
G236	sp|Q9SII9|DSK2A_ARATH_Linker2	95	125	30	100	120	QTTAPGRTNAGLGGLGGLGGLGGLGMLGAD
G237	sp|Q9SII9|DSK2A_ARATH_Linker2	100	130	30	105	125	GRTNAGLGGLGGLGGLGGLGMLGADSPLGA
G238	sp|Q9SII9|DSK2A_ARATH_Linker2	102	132	30	107	127	TNAGLGGLGGLGGLGGLGMLGADSPLGATP
G239	sp|Q9SII9|DSK2A_ARATH_Linker3	0	30	30	5	25	RNTAGQDPTQTGAATGTANNGGLDLLMNMF
G240	sp|Q9SII9|DSK2A_ARATH_Linker3	5	35	30	10	30	QDPTQTGAATGTANNGGLDLLMNMFGSLGA
G241	sp|Q9SII9|DSK2A_ARATH_Linker3	10	40	30	15	35	TGAATGTANNGGLDLLMNMFGSLGAGGLSG
G242	sp|Q9SII9|DSK2A_ARATH_Linker3	15	45	30	20	40	GTANNGGLDLLMNMFGSLGAGGLSGTNQPN
G243	sp|Q9SII9|DSK2A_ARATH_Linker3	16	46	30	21	41	TANNGGLDLLMNMFGSLGAGGLSGTNQPNV
G244	sp|G5EFF7|UBQL_CAEEL_Linker1	0	30	30	5	25	PTPAPAAATPTASSAPSSNPTPSSQPNPTN
G245	sp|G5EFF7|UBQL_CAEEL_Linker1	5	35	30	10	30	AAATPTASSAPSSNPTPSSQPNPTNNPFAA
G246	sp|G5EFF7|UBQL_CAEEL_Linker1	10	40	30	15	35	TASSAPSSNPTPSSQPNPTNNPFAAMGGMG
G247	sp|G5EFF7|UBQL_CAEEL_Linker1	15	45	30	20	40	PSSNPTPSSQPNPTNNPFAAMGGMGSPADI
G248	sp|G5EFF7|UBQL_CAEEL_Linker1	18	48	30	23	43	NPTPSSQPNPTNNPFAAMGGMGSPADILNN
G249	sp|G5EFF7|UBQL_CAEEL_Linker2	0	30	30	5	25	MRNHDQAIRNLQGIPGGEAALERLYNDVQE
G250	sp|G5EFF7|UBQL_CAEEL_Linker2	5	35	30	10	30	QAIRNLQGIPGGEAALERLYNDVQEPLLNS
G251	sp|G5EFF7|UBQL_CAEEL_Linker2	10	40	30	15	35	LQGIPGGEAALERLYNDVQEPLLNSATNSL
G252	sp|G5EFF7|UBQL_CAEEL_Linker2	15	45	30	20	40	GGEAALERLYNDVQEPLLNSATNSLSGNPF
G253	sp|G5EFF7|UBQL_CAEEL_Linker2	20	50	30	25	45	LERLYNDVQEPLLNSATNSLSGNPFASLRG
G254	sp|G5EFF7|UBQL_CAEEL_Linker2	25	55	30	30	50	NDVQEPLLNSATNSLSGNPFASLRGDQSSE
G255	sp|G5EFF7|UBQL_CAEEL_Linker2	30	60	30	35	55	PLLNSATNSLSGNPFASLRGDQSSEPRVDR
G256	sp|G5EFF7|UBQL_CAEEL_Linker2	35	65	30	40	60	ATNSLSGNPFASLRGDQSSEPRVDRAGQEN
G257	sp|G5EFF7|UBQL_CAEEL_Linker2	40	70	30	45	65	SGNPFASLRGDQSSEPRVDRAGQENNEALP
G258	sp|G5EFF7|UBQL_CAEEL_Linker2	45	75	30	50	70	ASLRGDQSSEPRVDRAGQENNEALPNPWAS
G259	sp|G5EFF7|UBQL_CAEEL_Linker2	50	80	30	55	75	DQSSEPRVDRAGQENNEALPNPWASNANQA
G260	sp|G5EFF7|UBQL_CAEEL_Linker2	55	85	30	60	80	PRVDRAGQENNEALPNPWASNANQATNNQS
G261	sp|G5EFF7|UBQL_CAEEL_Linker2	60	90	30	65	85	AGQENNEALPNPWASNANQATNNQSNNRSA
G262	sp|G5EFF7|UBQL_CAEEL_Linker2	65	95	30	70	90	NEALPNPWASNANQATNNQSNNRSADFNSL
G263	sp|G5EFF7|UBQL_CAEEL_Linker2	70	100	30	75	95	NPWASNANQATNNQSNNRSADFNSLLDSPG
G264	sp|G5EFF7|UBQL_CAEEL_Linker2	75	105	30	80	100	NANQATNNQSNNRSADFNSLLDSPGISSLM
G265	sp|G5EFF7|UBQL_CAEEL_Linker2	80	110	30	85	105	TNNQSNNRSADFNSLLDSPGISSLMEQMMS
G266	sp|G5EFF7|UBQL_CAEEL_Linker3	0	30	30	5	25	RVSEAFRQIQEGFSTLRREAPQLLNLFQAG
G267	sp|G5EFF7|UBQL_CAEEL_Linker3	5	35	30	10	30	FRQIQEGFSTLRREAPQLLNLFQAGAMGGG
G268	sp|G5EFF7|UBQL_CAEEL_Linker3	10	40	30	15	35	EGFSTLRREAPQLLNLFQAGAMGGGAFGSD
G269	sp|G5EFF7|UBQL_CAEEL_Linker3	15	45	30	20	40	LRREAPQLLNLFQAGAMGGGAFGSDANASS
G270	sp|G5EFF7|UBQL_CAEEL_Linker3	20	50	30	25	45	PQLLNLFQAGAMGGGAFGSDANASSAGANS
G271	sp|G5EFF7|UBQL_CAEEL_Linker3	25	55	30	30	50	LFQAGAMGGGAFGSDANASSAGANSANGLA
G272	sp|G5EFF7|UBQL_CAEEL_Linker3	30	60	30	35	55	AMGGGAFGSDANASSAGANSANGLADLFNS
G273	sp|G5EFF7|UBQL_CAEEL_Linker3	35	65	30	40	60	AFGSDANASSAGANSANGLADLFNSMNMGG
G274	sp|G5EFF7|UBQL_CAEEL_Linker3	40	70	30	45	65	ANASSAGANSANGLADLFNSMNMGGGRPSS
G275	sp|G5EFF7|UBQL_CAEEL_Linker3	43	73	30	48	68	SSAGANSANGLADLFNSMNMGGGRPSSTAA
G276	tr|Q9VWD9|Q9VWD9_DROME_Linker1	0	30	30	5	25	APTRNNEQPARQPADVRQTPFGLNQFGGLA
G277	tr|Q9VWD9|Q9VWD9_DROME_Linker1	5	35	30	10	30	NEQPARQPADVRQTPFGLNQFGGLAGMEAL
G278	tr|Q9VWD9|Q9VWD9_DROME_Linker1	10	40	30	15	35	RQPADVRQTPFGLNQFGGLAGMEALGAGSN
G279	tr|Q9VWD9|Q9VWD9_DROME_Linker1	15	45	30	20	40	VRQTPFGLNQFGGLAGMEALGAGSNTFMDL
G280	tr|Q9VWD9|Q9VWD9_DROME_Linker1	20	50	30	25	45	FGLNQFGGLAGMEALGAGSNTFMDLQARMQ
G281	tr|Q9VWD9|Q9VWD9_DROME_Linker1	25	55	30	30	50	FGGLAGMEALGAGSNTFMDLQARMQNELLN
G282	tr|Q9VWD9|Q9VWD9_DROME_Linker2	0	30	30	5	25	HDRAMSNLESVPGGYSALQRIYRDIQEPMM
G283	tr|Q9VWD9|Q9VWD9_DROME_Linker2	5	35	30	10	30	SNLESVPGGYSALQRIYRDIQEPMMNAATE
G284	tr|Q9VWD9|Q9VWD9_DROME_Linker2	10	40	30	15	35	VPGGYSALQRIYRDIQEPMMNAATESFGRN
G285	tr|Q9VWD9|Q9VWD9_DROME_Linker2	15	45	30	20	40	SALQRIYRDIQEPMMNAATESFGRNPFAGL
G286	tr|Q9VWD9|Q9VWD9_DROME_Linker2	20	50	30	25	45	IYRDIQEPMMNAATESFGRNPFAGLVDGGG
G287	tr|Q9VWD9|Q9VWD9_DROME_Linker2	25	55	30	30	50	QEPMMNAATESFGRNPFAGLVDGGGSGAGN
G288	tr|Q9VWD9|Q9VWD9_DROME_Linker2	30	60	30	35	55	NAATESFGRNPFAGLVDGGGSGAGNNPQQG
G289	tr|Q9VWD9|Q9VWD9_DROME_Linker2	35	65	30	40	60	SFGRNPFAGLVDGGGSGAGNNPQQGTENRN
G290	tr|Q9VWD9|Q9VWD9_DROME_Linker2	40	70	30	45	65	PFAGLVDGGGSGAGNNPQQGTENRNPLPNP
G291	tr|Q9VWD9|Q9VWD9_DROME_Linker2	45	75	30	50	70	VDGGGSGAGNNPQQGTENRNPLPNPWGGAN
G292	tr|Q9VWD9|Q9VWD9_DROME_Linker2	50	80	30	55	75	SGAGNNPQQGTENRNPLPNPWGGANSGTNG
G293	tr|Q9VWD9|Q9VWD9_DROME_Linker2	55	85	30	60	80	NPQQGTENRNPLPNPWGGANSGTNGTVGGS
G294	tr|Q9VWD9|Q9VWD9_DROME_Linker2	60	90	30	65	85	TENRNPLPNPWGGANSGTNGTVGGSGAGNP
G295	tr|Q9VWD9|Q9VWD9_DROME_Linker2	65	95	30	70	90	PLPNPWGGANSGTNGTVGGSGAGNPTGDLP
G296	tr|Q9VWD9|Q9VWD9_DROME_Linker2	70	100	30	75	95	WGGANSGTNGTVGGSGAGNPTGDLPPNNVL
G297	tr|Q9VWD9|Q9VWD9_DROME_Linker2	75	105	30	80	100	SGTNGTVGGSGAGNPTGDLPPNNVLNTPAM
G298	tr|Q9VWD9|Q9VWD9_DROME_Linker2	80	110	30	85	105	TVGGSGAGNPTGDLPPNNVLNTPAMRSLLQ
G299	tr|Q9VWD9|Q9VWD9_DROME_Linker2	84	114	30	89	109	SGAGNPTGDLPPNNVLNTPAMRSLLQQMAD
G300	tr|Q9VWD9|Q9VWD9_DROME_Linker3	0	30	30	5	25	QQGMEQLRSAAPGLVGTLGIPPPPPGAGTG
G301	tr|Q9VWD9|Q9VWD9_DROME_Linker3	5	35	30	10	30	QLRSAAPGLVGTLGIPPPPPGAGTGTNPAS
G302	tr|Q9VWD9|Q9VWD9_DROME_Linker3	10	40	30	15	35	APGLVGTLGIPPPPPGAGTGTNPASGDGSG
G303	tr|Q9VWD9|Q9VWD9_DROME_Linker3	15	45	30	20	40	GTLGIPPPPPGAGTGTNPASGDGSGGNSGA
G304	tr|Q9VWD9|Q9VWD9_DROME_Linker3	20	50	30	25	45	PPPPPGAGTGTNPASGDGSGGNSGASTNNV
G305	tr|Q9VWD9|Q9VWD9_DROME_Linker3	25	55	30	30	50	GAGTGTNPASGDGSGGNSGASTNNVSPSSG
G306	tr|Q9VWD9|Q9VWD9_DROME_Linker3	30	60	30	35	55	TNPASGDGSGGNSGASTNNVSPSSGLNAGT
G307	tr|Q9VWD9|Q9VWD9_DROME_Linker3	35	65	30	40	60	GDGSGGNSGASTNNVSPSSGLNAGTGTPNL
G308	tr|Q9VWD9|Q9VWD9_DROME_Linker3	40	70	30	45	65	GNSGASTNNVSPSSGLNAGTGTPNLAPGGG
G309	tr|Q9VWD9|Q9VWD9_DROME_Linker3	45	75	30	50	70	STNNVSPSSGLNAGTGTPNLAPGGGPNAQL
G310	tr|Q9VWD9|Q9VWD9_DROME_Linker3	50	80	30	55	75	SPSSGLNAGTGTPNLAPGGGPNAQLFNDFM
G311	tr|Q9VWD9|Q9VWD9_DROME_Linker3	55	85	30	60	80	LNAGTGTPNLAPGGGPNAQLFNDFMMRMLN
G312	tr|Q9VWD9|Q9VWD9_DROME_Linker3	60	90	30	65	85	GTPNLAPGGGPNAQLFNDFMMRMLNGMSNN
G313	tr|Q9VWD9|Q9VWD9_DROME_Linker3	65	95	30	70	90	APGGGPNAQLFNDFMMRMLNGMSNNADNTQ
G314	tr|Q9VWD9|Q9VWD9_DROME_Linker3	67	97	30	72	92	GGGPNAQLFNDFMMRMLNGMSNNADNTQPP
G315	sp|Q9JJP9|UBQL1_RAT_Linker1	0	30	30	5	25	PQDNSAQQTNTTGNSVTSSPAPDSNPTSGP
G316	sp|Q9JJP9|UBQL1_RAT_Linker1	5	35	30	10	30	AQQTNTTGNSVTSSPAPDSNPTSGPAANSS
G317	sp|Q9JJP9|UBQL1_RAT_Linker1	10	40	30	15	35	TTGNSVTSSPAPDSNPTSGPAANSSFGLGG
G318	sp|Q9JJP9|UBQL1_RAT_Linker1	15	45	30	20	40	VTSSPAPDSNPTSGPAANSSFGLGGLGGLA
G319	sp|Q9JJP9|UBQL1_RAT_Linker1	20	50	30	25	45	APDSNPTSGPAANSSFGLGGLGGLAGLSSL
G320	sp|Q9JJP9|UBQL1_RAT_Linker1	25	55	30	30	50	PTSGPAANSSFGLGGLGGLAGLSSLGLNTT
G321	sp|Q9JJP9|UBQL1_RAT_Linker1	30	60	30	35	55	AANSSFGLGGLGGLAGLSSLGLNTTNFSEL
G322	sp|Q9JJP9|UBQL1_RAT_Linker1	35	65	30	40	60	FGLGGLGGLAGLSSLGLNTTNFSELQSQMQ
G323	sp|Q9JJP9|UBQL1_RAT_Linker1	40	70	30	45	65	LGGLAGLSSLGLNTTNFSELQSQMQRQLLS
G324	sp|Q9JJP9|UBQL1_RAT_Linker2	0	30	30	5	25	QERDLSNLESIPGGYNALRRMYTDIQEPML
G325	sp|Q9JJP9|UBQL1_RAT_Linker2	5	35	30	10	30	SNLESIPGGYNALRRMYTDIQEPMLNAAQE
G326	sp|Q9JJP9|UBQL1_RAT_Linker2	10	40	30	15	35	IPGGYNALRRMYTDIQEPMLNAAQEQFGGN
G327	sp|Q9JJP9|UBQL1_RAT_Linker2	15	45	30	20	40	NALRRMYTDIQEPMLNAAQEQFGGNPFASL
G328	sp|Q9JJP9|UBQL1_RAT_Linker2	20	50	30	25	45	MYTDIQEPMLNAAQEQFGGNPFASLVSSPS
G329	sp|Q9JJP9|UBQL1_RAT_Linker2	25	55	30	30	50	QEPMLNAAQEQFGGNPFASLVSSPSSAEGT
G330	sp|Q9JJP9|UBQL1_RAT_Linker2	30	60	30	35	55	NAAQEQFGGNPFASLVSSPSSAEGTQPSRT
G331	sp|Q9JJP9|UBQL1_RAT_Linker2	35	65	30	40	60	QFGGNPFASLVSSPSSAEGTQPSRTENRDP
G332	sp|Q9JJP9|UBQL1_RAT_Linker2	40	70	30	45	65	PFASLVSSPSSAEGTQPSRTENRDPLPNPW
G333	sp|Q9JJP9|UBQL1_RAT_Linker2	45	75	30	50	70	VSSPSSAEGTQPSRTENRDPLPNPWAPQTP
G334	sp|Q9JJP9|UBQL1_RAT_Linker2	50	80	30	55	75	SAEGTQPSRTENRDPLPNPWAPQTPQSSPA
G335	sp|Q9JJP9|UBQL1_RAT_Linker2	55	85	30	60	80	QPSRTENRDPLPNPWAPQTPQSSPASGSTG
G336	sp|Q9JJP9|UBQL1_RAT_Linker2	60	90	30	65	85	ENRDPLPNPWAPQTPQSSPASGSTGSTTNT
G337	sp|Q9JJP9|UBQL1_RAT_Linker2	65	95	30	70	90	LPNPWAPQTPQSSPASGSTGSTTNTVSTSA
G338	sp|Q9JJP9|UBQL1_RAT_Linker2	70	100	30	75	95	APQTPQSSPASGSTGSTTNTVSTSAGNATS
G339	sp|Q9JJP9|UBQL1_RAT_Linker2	75	105	30	80	100	QSSPASGSTGSTTNTVSTSAGNATSTPAGQ
G340	sp|Q9JJP9|UBQL1_RAT_Linker2	80	110	30	85	105	SGSTGSTTNTVSTSAGNATSTPAGQGTSGP
G341	sp|Q9JJP9|UBQL1_RAT_Linker2	85	115	30	90	110	STTNTVSTSAGNATSTPAGQGTSGPNLVPG
G342	sp|Q9JJP9|UBQL1_RAT_Linker2	90	120	30	95	115	VSTSAGNATSTPAGQGTSGPNLVPGAGASM
G343	sp|Q9JJP9|UBQL1_RAT_Linker2	95	125	30	100	120	GNATSTPAGQGTSGPNLVPGAGASMFNTPG
G344	sp|Q9JJP9|UBQL1_RAT_Linker2	100	130	30	105	125	TPAGQGTSGPNLVPGAGASMFNTPGMQSLL
G345	sp|Q9JJP9|UBQL1_RAT_Linker2	105	135	30	110	130	GTSGPNLVPGAGASMFNTPGMQSLLQQITE
G346	sp|Q9JJP9|UBQL1_RAT_Linker3	0	30	30	5	25	LQIQQGLQTLATEAPGLIPGFTPGLAAGNS
G347	sp|Q9JJP9|UBQL1_RAT_Linker3	5	35	30	10	30	GLQTLATEAPGLIPGFTPGLAAGNSGGPAG
G348	sp|Q9JJP9|UBQL1_RAT_Linker3	10	40	30	15	35	ATEAPGLIPGFTPGLAAGNSGGPAGTTAPS
G349	sp|Q9JJP9|UBQL1_RAT_Linker3	15	45	30	20	40	GLIPGFTPGLAAGNSGGPAGTTAPSTAPGE
G350	sp|Q9JJP9|UBQL1_RAT_Linker3	20	50	30	25	45	FTPGLAAGNSGGPAGTTAPSTAPGEDTNPQ
G351	sp|Q9JJP9|UBQL1_RAT_Linker3	25	55	30	30	50	AAGNSGGPAGTTAPSTAPGEDTNPQGGAAE
G352	sp|Q9JJP9|UBQL1_RAT_Linker3	30	60	30	35	55	GGPAGTTAPSTAPGEDTNPQGGAAEPGHQQ
G353	sp|Q9JJP9|UBQL1_RAT_Linker3	35	65	30	40	60	TTAPSTAPGEDTNPQGGAAEPGHQQFIQQM
G354	sp|Q9JJP9|UBQL1_RAT_Linker3	40	70	30	45	65	TAPGEDTNPQGGAAEPGHQQFIQQMLQALA
G355	sp|Q9JJP9|UBQL1_RAT_Linker3	45	75	30	50	70	DTNPQGGAAEPGHQQFIQQMLQALAGVNPQ
G356	sp|Q9JJP9|UBQL1_RAT_Linker3	50	80	30	55	75	GGAAEPGHQQFIQQMLQALAGVNPQLQSPE
G357	sp|Q9JJP9|UBQL1_RAT_Linker3	51	81	30	56	76	GAAEPGHQQFIQQMLQALAGVNPQLQSPEV
G358	tr|D4AA63|D4AA63_RAT_Linker1	0	30	30	5	25	SQNRPQGQATTQPSTTAGTSTTTTTTTTAA
G359	tr|D4AA63|D4AA63_RAT_Linker1	5	35	30	10	30	QGQATTQPSTTAGTSTTTTTTTTAAAPPAA
G360	tr|D4AA63|D4AA63_RAT_Linker1	10	40	30	15	35	TQPSTTAGTSTTTTTTTTAAAPPAATTSSA
G361	tr|D4AA63|D4AA63_RAT_Linker1	15	45	30	20	40	TAGTSTTTTTTTTAAAPPAATTSSAPRCST
G362	tr|D4AA63|D4AA63_RAT_Linker1	20	50	30	25	45	TTTTTTTTAAAPPAATTSSAPRCSTTATTT
G363	tr|D4AA63|D4AA63_RAT_Linker1	25	55	30	30	50	TTTAAAPPAATTSSAPRCSTTATTTNSSNL
G364	tr|D4AA63|D4AA63_RAT_Linker1	30	60	30	35	55	APPAATTSSAPRCSTTATTTNSSNLGLGSL
G365	tr|D4AA63|D4AA63_RAT_Linker1	35	65	30	40	60	TTSSAPRCSTTATTTNSSNLGLGSLASLGN
G366	tr|D4AA63|D4AA63_RAT_Linker1	40	70	30	45	65	PRCSTTATTTNSSNLGLGSLASLGNLGLNS
G367	tr|D4AA63|D4AA63_RAT_Linker1	45	75	30	50	70	TATTTNSSNLGLGSLASLGNLGLNSSNFTE
G368	tr|D4AA63|D4AA63_RAT_Linker1	50	80	30	55	75	NSSNLGLGSLASLGNLGLNSSNFTELQNQM
G369	tr|D4AA63|D4AA63_RAT_Linker1	55	85	30	60	80	GLGSLASLGNLGLNSSNFTELQNQMQQQLL
G370	tr|D4AA63|D4AA63_RAT_Linker1	56	86	30	61	81	LGSLASLGNLGLNSSNFTELQNQMQQQLLA
G371	tr|D4AA63|D4AA63_RAT_Linker2	0	30	30	5	25	DLALSNLESIPGGYNALRRMYTDIQEPMLN
G372	tr|D4AA63|D4AA63_RAT_Linker2	5	35	30	10	30	NLESIPGGYNALRRMYTDIQEPMLNAAQEQ
G373	tr|D4AA63|D4AA63_RAT_Linker2	10	40	30	15	35	PGGYNALRRMYTDIQEPMLNAAQEQFGGNP
G374	tr|D4AA63|D4AA63_RAT_Linker2	15	45	30	20	40	ALRRMYTDIQEPMLNAAQEQFGGNPFATVG
G375	tr|D4AA63|D4AA63_RAT_Linker2	20	50	30	25	45	YTDIQEPMLNAAQEQFGGNPFATVGSSSSS
G376	tr|D4AA63|D4AA63_RAT_Linker2	25	55	30	30	50	EPMLNAAQEQFGGNPFATVGSSSSSGEGTQ
G377	tr|D4AA63|D4AA63_RAT_Linker2	30	60	30	35	55	AAQEQFGGNPFATVGSSSSSGEGTQPSRTE
G378	tr|D4AA63|D4AA63_RAT_Linker2	35	65	30	40	60	FGGNPFATVGSSSSSGEGTQPSRTENRDPL
G379	tr|D4AA63|D4AA63_RAT_Linker2	40	70	30	45	65	FATVGSSSSSGEGTQPSRTENRDPLPNPWA
G380	tr|D4AA63|D4AA63_RAT_Linker2	45	75	30	50	70	SSSSSGEGTQPSRTENRDPLPNPWAPPPTT
G381	tr|D4AA63|D4AA63_RAT_Linker2	50	80	30	55	75	GEGTQPSRTENRDPLPNPWAPPPTTQTSAT
G382	tr|D4AA63|D4AA63_RAT_Linker2	55	85	30	60	80	PSRTENRDPLPNPWAPPPTTQTSATTTTTT
G383	tr|D4AA63|D4AA63_RAT_Linker2	60	90	30	65	85	NRDPLPNPWAPPPTTQTSATTTTTTTSSGT
G384	tr|D4AA63|D4AA63_RAT_Linker2	65	95	30	70	90	PNPWAPPPTTQTSATTTTTTTSSGTVAGSN
G385	tr|D4AA63|D4AA63_RAT_Linker2	70	100	30	75	95	PPPTTQTSATTTTTTTSSGTVAGSNTSSTT
G386	tr|D4AA63|D4AA63_RAT_Linker2	75	105	30	80	100	QTSATTTTTTTSSGTVAGSNTSSTTAGNTM
G387	tr|D4AA63|D4AA63_RAT_Linker2	80	110	30	85	105	TTTTTTSSGTVAGSNTSSTTAGNTMAAANY
G388	tr|D4AA63|D4AA63_RAT_Linker2	85	115	30	90	110	TSSGTVAGSNTSSTTAGNTMAAANYVASIF
G389	tr|D4AA63|D4AA63_RAT_Linker2	90	120	30	95	115	VAGSNTSSTTAGNTMAAANYVASIFSTPGM
G390	tr|D4AA63|D4AA63_RAT_Linker2	95	125	30	100	120	TSSTTAGNTMAAANYVASIFSTPGMQSLLQ
G391	tr|D4AA63|D4AA63_RAT_Linker2	99	129	30	104	124	TAGNTMAAANYVASIFSTPGMQSLLQQITE
G392	tr|D4AA63|D4AA63_RAT_Linker3	0	30	30	5	25	LQIQQGLQTLATEAPGLIPGFTPGVGVGVL
G393	tr|D4AA63|D4AA63_RAT_Linker3	5	35	30	10	30	GLQTLATEAPGLIPGFTPGVGVGVLGTAIT
G394	tr|D4AA63|D4AA63_RAT_Linker3	10	40	30	15	35	ATEAPGLIPGFTPGVGVGVLGTAITPVGPV
G395	tr|D4AA63|D4AA63_RAT_Linker3	15	45	30	20	40	GLIPGFTPGVGVGVLGTAITPVGPVTPIGP
G396	tr|D4AA63|D4AA63_RAT_Linker3	20	50	30	25	45	FTPGVGVGVLGTAITPVGPVTPIGPIGPIV
G397	tr|D4AA63|D4AA63_RAT_Linker3	25	55	30	30	50	GVGVLGTAITPVGPVTPIGPIGPIVPFTPI
G398	tr|D4AA63|D4AA63_RAT_Linker3	30	60	30	35	55	GTAITPVGPVTPIGPIGPIVPFTPIGPIGP
G399	tr|D4AA63|D4AA63_RAT_Linker3	35	65	30	40	60	PVGPVTPIGPIGPIVPFTPIGPIGPIGPTG
G400	tr|D4AA63|D4AA63_RAT_Linker3	40	70	30	45	65	TPIGPIGPIVPFTPIGPIGPIGPTGPASSP
G401	tr|D4AA63|D4AA63_RAT_Linker3	45	75	30	50	70	IGPIVPFTPIGPIGPIGPTGPASSPGSTGT
G402	tr|D4AA63|D4AA63_RAT_Linker3	50	80	30	55	75	PFTPIGPIGPIGPTGPASSPGSTGTGIPPA
G403	tr|D4AA63|D4AA63_RAT_Linker3	55	85	30	60	80	GPIGPIGPTGPASSPGSTGTGIPPATTVSS
G404	tr|D4AA63|D4AA63_RAT_Linker3	60	90	30	65	85	IGPTGPASSPGSTGTGIPPATTVSSSAPTE
G405	tr|D4AA63|D4AA63_RAT_Linker3	65	95	30	70	90	PASSPGSTGTGIPPATTVSSSAPTETISPT
G406	tr|D4AA63|D4AA63_RAT_Linker3	70	100	30	75	95	GSTGTGIPPATTVSSSAPTETISPTSESGP
G407	tr|D4AA63|D4AA63_RAT_Linker3	75	105	30	80	100	GIPPATTVSSSAPTETISPTSESGPSQQFI
G408	tr|D4AA63|D4AA63_RAT_Linker3	80	110	30	85	105	TTVSSSAPTETISPTSESGPSQQFIQQMVQ
G409	tr|D4AA63|D4AA63_RAT_Linker3	85	115	30	90	110	SAPTETISPTSESGPSQQFIQQMVQALTGG
G410	tr|D4AA63|D4AA63_RAT_Linker3	90	120	30	95	115	TISPTSESGPSQQFIQQMVQALTGGSPPQP
G411	tr|D4AA63|D4AA63_RAT_Linker3	92	122	30	97	117	SPTSESGPSQQFIQQMVQALTGGSPPQPPN
G412	tr|D4A3P1|D4A3P1_RAT_Linker1	0	30	30	5	25	KTPQKAQDPVTTTASSPSTPDSASAPSTTP
G413	tr|D4A3P1|D4A3P1_RAT_Linker1	5	35	30	10	30	AQDPVTTTASSPSTPDSASAPSTTPASPAA
G414	tr|D4A3P1|D4A3P1_RAT_Linker1	10	40	30	15	35	TTTASSPSTPDSASAPSTTPASPAAPVQPC
G415	tr|D4A3P1|D4A3P1_RAT_Linker1	15	45	30	20	40	SPSTPDSASAPSTTPASPAAPVQPCSSGNT
G416	tr|D4A3P1|D4A3P1_RAT_Linker1	20	50	30	25	45	DSASAPSTTPASPAAPVQPCSSGNTTSDAS
G417	tr|D4A3P1|D4A3P1_RAT_Linker1	25	55	30	30	50	PSTTPASPAAPVQPCSSGNTTSDASSGGGP
G418	tr|D4A3P1|D4A3P1_RAT_Linker1	30	60	30	35	55	ASPAAPVQPCSSGNTTSDASSGGGPSPVAA
G419	tr|D4A3P1|D4A3P1_RAT_Linker1	35	65	30	40	60	PVQPCSSGNTTSDASSGGGPSPVAAEGPSN
G420	tr|D4A3P1|D4A3P1_RAT_Linker1	40	70	30	45	65	SSGNTTSDASSGGGPSPVAAEGPSNATASI
G421	tr|D4A3P1|D4A3P1_RAT_Linker1	45	75	30	50	70	TSDASSGGGPSPVAAEGPSNATASILSGFG
G422	tr|D4A3P1|D4A3P1_RAT_Linker1	50	80	30	55	75	SGGGPSPVAAEGPSNATASILSGFGGILGL
G423	tr|D4A3P1|D4A3P1_RAT_Linker1	55	85	30	60	80	SPVAAEGPSNATASILSGFGGILGLGSLGL
G424	tr|D4A3P1|D4A3P1_RAT_Linker1	60	90	30	65	85	EGPSNATASILSGFGGILGLGSLGLGSANF
G425	tr|D4A3P1|D4A3P1_RAT_Linker1	65	95	30	70	90	ATASILSGFGGILGLGSLGLGSANFMELQQ
G426	tr|D4A3P1|D4A3P1_RAT_Linker1	70	100	30	75	95	LSGFGGILGLGSLGLGSANFMELQQQMQRQ
G427	tr|D4A3P1|D4A3P1_RAT_Linker1	73	103	30	78	98	FGGILGLGSLGLGSANFMELQQQMQRQLMS
G428	tr|D4A3P1|D4A3P1_RAT_Linker2	0	30	30	5	25	MRNQDRALSNLESVPGGYNALRRMYTDIQE
G429	tr|D4A3P1|D4A3P1_RAT_Linker2	5	35	30	10	30	RALSNLESVPGGYNALRRMYTDIQEPMFTA
G430	tr|D4A3P1|D4A3P1_RAT_Linker2	10	40	30	15	35	LESVPGGYNALRRMYTDIQEPMFTAAREQF
G431	tr|D4A3P1|D4A3P1_RAT_Linker2	15	45	30	20	40	GGYNALRRMYTDIQEPMFTAAREQFGNNPF
G432	tr|D4A3P1|D4A3P1_RAT_Linker2	20	50	30	25	45	LRRMYTDIQEPMFTAAREQFGNNPFSSLAG
G433	tr|D4A3P1|D4A3P1_RAT_Linker2	25	55	30	30	50	TDIQEPMFTAAREQFGNNPFSSLAGNSDNS
G434	tr|D4A3P1|D4A3P1_RAT_Linker2	30	60	30	35	55	PMFTAAREQFGNNPFSSLAGNSDNSSSQPL
G435	tr|D4A3P1|D4A3P1_RAT_Linker2	35	65	30	40	60	AREQFGNNPFSSLAGNSDNSSSQPLRTENR
G436	tr|D4A3P1|D4A3P1_RAT_Linker2	40	70	30	45	65	GNNPFSSLAGNSDNSSSQPLRTENREPLPN
G437	tr|D4A3P1|D4A3P1_RAT_Linker2	45	75	30	50	70	SSLAGNSDNSSSQPLRTENREPLPNPWSPS
G438	tr|D4A3P1|D4A3P1_RAT_Linker2	50	80	30	55	75	NSDNSSSQPLRTENREPLPNPWSPSPPTSQ
G439	tr|D4A3P1|D4A3P1_RAT_Linker2	55	85	30	60	80	SSQPLRTENREPLPNPWSPSPPTSQAPGSG
G440	tr|D4A3P1|D4A3P1_RAT_Linker2	60	90	30	65	85	RTENREPLPNPWSPSPPTSQAPGSGGEGTG
G441	tr|D4A3P1|D4A3P1_RAT_Linker2	65	95	30	70	90	EPLPNPWSPSPPTSQAPGSGGEGTGGSGTS
G442	tr|D4A3P1|D4A3P1_RAT_Linker2	70	100	30	75	95	PWSPSPPTSQAPGSGGEGTGGSGTSQVHPT
G443	tr|D4A3P1|D4A3P1_RAT_Linker2	75	105	30	80	100	PPTSQAPGSGGEGTGGSGTSQVHPTVSNPF
G444	tr|D4A3P1|D4A3P1_RAT_Linker2	80	110	30	85	105	APGSGGEGTGGSGTSQVHPTVSNPFGINAA
G445	tr|D4A3P1|D4A3P1_RAT_Linker2	85	115	30	90	110	GEGTGGSGTSQVHPTVSNPFGINAASLGSG
G446	tr|D4A3P1|D4A3P1_RAT_Linker2	90	120	30	95	115	GSGTSQVHPTVSNPFGINAASLGSGMFNSP
G447	tr|D4A3P1|D4A3P1_RAT_Linker2	95	125	30	100	120	QVHPTVSNPFGINAASLGSGMFNSPEMQAL
G448	tr|D4A3P1|D4A3P1_RAT_Linker2	100	130	30	105	125	VSNPFGINAASLGSGMFNSPEMQALLQQIS
G449	tr|D4A3P1|D4A3P1_RAT_Linker2	101	131	30	106	126	SNPFGINAASLGSGMFNSPEMQALLQQISE
G450	tr|D4A3P1|D4A3P1_RAT_Linker3	0	30	30	5	25	PRAMQALLQIQQGLQTLQTEAPGLVPSLGS
G451	tr|D4A3P1|D4A3P1_RAT_Linker3	5	35	30	10	30	ALLQIQQGLQTLQTEAPGLVPSLGSFGTPR
G452	tr|D4A3P1|D4A3P1_RAT_Linker3	10	40	30	15	35	QQGLQTLQTEAPGLVPSLGSFGTPRTSVPL
G453	tr|D4A3P1|D4A3P1_RAT_Linker3	15	45	30	20	40	TLQTEAPGLVPSLGSFGTPRTSVPLAGSNS
G454	tr|D4A3P1|D4A3P1_RAT_Linker3	20	50	30	25	45	APGLVPSLGSFGTPRTSVPLAGSNSGSAAE
G455	tr|D4A3P1|D4A3P1_RAT_Linker3	25	55	30	30	50	PSLGSFGTPRTSVPLAGSNSGSAAEAPTAS
G456	tr|D4A3P1|D4A3P1_RAT_Linker3	30	60	30	35	55	FGTPRTSVPLAGSNSGSAAEAPTASPGTPA
G457	tr|D4A3P1|D4A3P1_RAT_Linker3	35	65	30	40	60	TSVPLAGSNSGSAAEAPTASPGTPATTPPS
G458	tr|D4A3P1|D4A3P1_RAT_Linker3	40	70	30	45	65	AGSNSGSAAEAPTASPGTPATTPPSAGSNT
G459	tr|D4A3P1|D4A3P1_RAT_Linker3	45	75	30	50	70	GSAAEAPTASPGTPATTPPSAGSNTQQQLM
G460	tr|D4A3P1|D4A3P1_RAT_Linker3	50	80	30	55	75	APTASPGTPATTPPSAGSNTQQQLMQQMIQ
G461	tr|D4A3P1|D4A3P1_RAT_Linker3	55	85	30	60	80	PGTPATTPPSAGSNTQQQLMQQMIQLLSGS
G462	tr|D4A3P1|D4A3P1_RAT_Linker3	60	90	30	65	85	TTPPSAGSNTQQQLMQQMIQLLSGSGNSQV
G463	tr|D4A3P1|D4A3P1_RAT_Linker3	62	92	30	67	87	PPSAGSNTQQQLMQQMIQLLSGSGNSQVPV
G464	tr|F6RXL5|F6RXL5_XENTR_Linker1	0	30	30	5	25	TQNRSQAATASQASSSSTSATNSTTSSSST
G465	tr|F6RXL5|F6RXL5_XENTR_Linker1	5	35	30	10	30	QAATASQASSSSTSATNSTTSSSSTTTTTT
G466	tr|F6RXL5|F6RXL5_XENTR_Linker1	10	40	30	15	35	SQASSSSTSATNSTTSSSSTTTTTTTGTPL
G467	tr|F6RXL5|F6RXL5_XENTR_Linker1	15	45	30	20	40	SSTSATNSTTSSSSTTTTTTTGTPLGLGGL
G468	tr|F6RXL5|F6RXL5_XENTR_Linker1	20	50	30	25	45	TNSTTSSSSTTTTTTTGTPLGLGGLGGLAG
G469	tr|F6RXL5|F6RXL5_XENTR_Linker1	25	55	30	30	50	SSSSTTTTTTTGTPLGLGGLGGLAGLSSLG
G470	tr|F6RXL5|F6RXL5_XENTR_Linker1	30	60	30	35	55	TTTTTTGTPLGLGGLGGLAGLSSLGMNASN
G471	tr|F6RXL5|F6RXL5_XENTR_Linker1	35	65	30	40	60	TGTPLGLGGLGGLAGLSSLGMNASNFSELQ
G472	tr|F6RXL5|F6RXL5_XENTR_Linker1	40	70	30	45	65	GLGGLGGLAGLSSLGMNASNFSELQSQMQQ
G473	tr|F6RXL5|F6RXL5_XENTR_Linker1	45	75	30	50	70	GGLAGLSSLGMNASNFSELQSQMQQQLMSN
G474	tr|F6RXL5|F6RXL5_XENTR_Linker2	0	30	30	5	25	MRNQDRALSNLESIPGGYNALRRMYTDIQE
G475	tr|F6RXL5|F6RXL5_XENTR_Linker2	5	35	30	10	30	RALSNLESIPGGYNALRRMYTDIQEPMLNA
G476	tr|F6RXL5|F6RXL5_XENTR_Linker2	10	40	30	15	35	LESIPGGYNALRRMYTDIQEPMLNAAQEQF
G477	tr|F6RXL5|F6RXL5_XENTR_Linker2	15	45	30	20	40	GGYNALRRMYTDIQEPMLNAAQEQFGGNPF
G478	tr|F6RXL5|F6RXL5_XENTR_Linker2	20	50	30	25	45	LRRMYTDIQEPMLNAAQEQFGGNPFASLVS
G479	tr|F6RXL5|F6RXL5_XENTR_Linker2	25	55	30	30	50	TDIQEPMLNAAQEQFGGNPFASLVSNASNA
G480	tr|F6RXL5|F6RXL5_XENTR_Linker2	30	60	30	35	55	PMLNAAQEQFGGNPFASLVSNASNAGNQPS
G481	tr|F6RXL5|F6RXL5_XENTR_Linker2	35	65	30	40	60	AQEQFGGNPFASLVSNASNAGNQPSRTENR
G482	tr|F6RXL5|F6RXL5_XENTR_Linker2	40	70	30	45	65	GGNPFASLVSNASNAGNQPSRTENRDPLPN
G483	tr|F6RXL5|F6RXL5_XENTR_Linker2	45	75	30	50	70	ASLVSNASNAGNQPSRTENRDPLPNPWAPP
G484	tr|F6RXL5|F6RXL5_XENTR_Linker2	50	80	30	55	75	NASNAGNQPSRTENRDPLPNPWAPPSSTAG
G485	tr|F6RXL5|F6RXL5_XENTR_Linker2	55	85	30	60	80	GNQPSRTENRDPLPNPWAPPSSTAGSTSTG
G486	tr|F6RXL5|F6RXL5_XENTR_Linker2	60	90	30	65	85	RTENRDPLPNPWAPPSSTAGSTSTGSTTGA
G487	tr|F6RXL5|F6RXL5_XENTR_Linker2	65	95	30	70	90	DPLPNPWAPPSSTAGSTSTGSTTGANSTGS
G488	tr|F6RXL5|F6RXL5_XENTR_Linker2	70	100	30	75	95	PWAPPSSTAGSTSTGSTTGANSTGSSTTTT
G489	tr|F6RXL5|F6RXL5_XENTR_Linker2	75	105	30	80	100	SSTAGSTSTGSTTGANSTGSSTTTTTSSTL
G490	tr|F6RXL5|F6RXL5_XENTR_Linker2	80	110	30	85	105	STSTGSTTGANSTGSSTTTTTSSTLPNLGA
G491	tr|F6RXL5|F6RXL5_XENTR_Linker2	85	115	30	90	110	STTGANSTGSSTTTTTSSTLPNLGAGMFNT
G492	tr|F6RXL5|F6RXL5_XENTR_Linker2	90	120	30	95	115	NSTGSSTTTTTSSTLPNLGAGMFNTPGMQS
G493	tr|F6RXL5|F6RXL5_XENTR_Linker2	95	125	30	100	120	STTTTTSSTLPNLGAGMFNTPGMQSLMQQI
G494	tr|F6RXL5|F6RXL5_XENTR_Linker2	100	130	30	105	125	TSSTLPNLGAGMFNTPGMQSLMQQITENPQ
G495	tr|F6RXL5|F6RXL5_XENTR_Linker2	105	135	30	110	130	PNLGAGMFNTPGMQSLMQQITENPQLMQNM
G496	tr|F6RXL5|F6RXL5_XENTR_Linker2	108	138	30	113	133	GAGMFNTPGMQSLMQQITENPQLMQNMLSA
G497	tr|F6RXL5|F6RXL5_XENTR_Linker3	0	30	30	5	25	PRAMQALLQIQQGLQTLATEAPSLMPRTNP
G498	tr|F6RXL5|F6RXL5_XENTR_Linker3	5	35	30	10	30	ALLQIQQGLQTLATEAPSLMPRTNPPFGGL
G499	tr|F6RXL5|F6RXL5_XENTR_Linker3	10	40	30	15	35	QQGLQTLATEAPSLMPRTNPPFGGLGSPNS
G500	tr|F6RXL5|F6RXL5_XENTR_Linker3	15	45	30	20	40	TLATEAPSLMPRTNPPFGGLGSPNSSPASV
G501	tr|F6RXL5|F6RXL5_XENTR_Linker3	20	50	30	25	45	APSLMPRTNPPFGGLGSPNSSPASVPSSAP
G502	tr|F6RXL5|F6RXL5_XENTR_Linker3	25	55	30	30	50	PRTNPPFGGLGSPNSSPASVPSSAPTENSS
G503	tr|F6RXL5|F6RXL5_XENTR_Linker3	30	60	30	35	55	PFGGLGSPNSSPASVPSSAPTENSSPLSGL
G504	tr|F6RXL5|F6RXL5_XENTR_Linker3	35	65	30	40	60	GSPNSSPASVPSSAPTENSSPLSGLSEPGH
G505	tr|F6RXL5|F6RXL5_XENTR_Linker3	40	70	30	45	65	SPASVPSSAPTENSSPLSGLSEPGHQQFIQ
G506	tr|F6RXL5|F6RXL5_XENTR_Linker3	45	75	30	50	70	PSSAPTENSSPLSGLSEPGHQQFIQQMLQA
G507	tr|F6RXL5|F6RXL5_XENTR_Linker3	50	80	30	55	75	TENSSPLSGLSEPGHQQFIQQMLQALSGAN
G508	tr|F6RXL5|F6RXL5_XENTR_Linker3	55	85	30	60	80	PLSGLSEPGHQQFIQQMLQALSGANPQNQN
G509	tr|F6RXL5|F6RXL5_XENTR_Linker3	57	87	30	62	82	SGLSEPGHQQFIQQMLQALSGANPQNQNPN
G510	sp|Q9QZM0|UBQL2_MOUSE_Linker1	0	30	30	5	25	SQNRPQGQATTQPSTTAGTSTTTTTTTTAA
G511	sp|Q9QZM0|UBQL2_MOUSE_Linker1	5	35	30	10	30	QGQATTQPSTTAGTSTTTTTTTTAAAPAAT
G512	sp|Q9QZM0|UBQL2_MOUSE_Linker1	10	40	30	15	35	TQPSTTAGTSTTTTTTTTAAAPAATTSSAP
G513	sp|Q9QZM0|UBQL2_MOUSE_Linker1	15	45	30	20	40	TAGTSTTTTTTTTAAAPAATTSSAPRSSST
G514	sp|Q9QZM0|UBQL2_MOUSE_Linker1	20	50	30	25	45	TTTTTTTTAAAPAATTSSAPRSSSTPTTTN
G515	sp|Q9QZM0|UBQL2_MOUSE_Linker1	25	55	30	30	50	TTTAAAPAATTSSAPRSSSTPTTTNSSSFG
G516	sp|Q9QZM0|UBQL2_MOUSE_Linker1	30	60	30	35	55	APAATTSSAPRSSSTPTTTNSSSFGLGSLS
G517	sp|Q9QZM0|UBQL2_MOUSE_Linker1	35	65	30	40	60	TSSAPRSSSTPTTTNSSSFGLGSLSSLSNL
G518	sp|Q9QZM0|UBQL2_MOUSE_Linker1	40	70	30	45	65	RSSSTPTTTNSSSFGLGSLSSLSNLGLNSP
G519	sp|Q9QZM0|UBQL2_MOUSE_Linker1	45	75	30	50	70	PTTTNSSSFGLGSLSSLSNLGLNSPNFTEL
G520	sp|Q9QZM0|UBQL2_MOUSE_Linker1	50	80	30	55	75	SSSFGLGSLSSLSNLGLNSPNFTELQNQMQ
G521	sp|Q9QZM0|UBQL2_MOUSE_Linker1	55	85	30	60	80	LGSLSSLSNLGLNSPNFTELQNQMQQQLLA
G522	sp|Q9QZM0|UBQL2_MOUSE_Linker2	0	30	30	5	25	MRNQDLALSNLESIPGGYNALRRMYTDIQE
G523	sp|Q9QZM0|UBQL2_MOUSE_Linker2	5	35	30	10	30	LALSNLESIPGGYNALRRMYTDIQEPMLNA
G524	sp|Q9QZM0|UBQL2_MOUSE_Linker2	10	40	30	15	35	LESIPGGYNALRRMYTDIQEPMLNAAQEQF
G525	sp|Q9QZM0|UBQL2_MOUSE_Linker2	15	45	30	20	40	GGYNALRRMYTDIQEPMLNAAQEQFGGNPF
G526	sp|Q9QZM0|UBQL2_MOUSE_Linker2	20	50	30	25	45	LRRMYTDIQEPMLNAAQEQFGGNPFATVGS
G527	sp|Q9QZM0|UBQL2_MOUSE_Linker2	25	55	30	30	50	TDIQEPMLNAAQEQFGGNPFATVGSSSTSG
G528	sp|Q9QZM0|UBQL2_MOUSE_Linker2	30	60	30	35	55	PMLNAAQEQFGGNPFATVGSSSTSGEGTQP
G529	sp|Q9QZM0|UBQL2_MOUSE_Linker2	35	65	30	40	60	AQEQFGGNPFATVGSSSTSGEGTQPSRTEN
G530	sp|Q9QZM0|UBQL2_MOUSE_Linker2	40	70	30	45	65	GGNPFATVGSSSTSGEGTQPSRTENRDPLP
G531	sp|Q9QZM0|UBQL2_MOUSE_Linker2	45	75	30	50	70	ATVGSSSTSGEGTQPSRTENRDPLPNPWAP
G532	sp|Q9QZM0|UBQL2_MOUSE_Linker2	50	80	30	55	75	SSTSGEGTQPSRTENRDPLPNPWAPPPTTQ
G533	sp|Q9QZM0|UBQL2_MOUSE_Linker2	55	85	30	60	80	EGTQPSRTENRDPLPNPWAPPPTTQTAATT
G534	sp|Q9QZM0|UBQL2_MOUSE_Linker2	60	90	30	65	85	SRTENRDPLPNPWAPPPTTQTAATTTTTTT
G535	sp|Q9QZM0|UBQL2_MOUSE_Linker2	65	95	30	70	90	RDPLPNPWAPPPTTQTAATTTTTTTTSSGS
G536	sp|Q9QZM0|UBQL2_MOUSE_Linker2	70	100	30	75	95	NPWAPPPTTQTAATTTTTTTTSSGSGSGSS
G537	sp|Q9QZM0|UBQL2_MOUSE_Linker2	75	105	30	80	100	PPTTQTAATTTTTTTTSSGSGSGSSSSSTT
G538	sp|Q9QZM0|UBQL2_MOUSE_Linker2	80	110	30	85	105	TAATTTTTTTTSSGSGSGSSSSSTTAGNTM
G539	sp|Q9QZM0|UBQL2_MOUSE_Linker2	85	115	30	90	110	TTTTTTSSGSGSGSSSSSTTAGNTMAAANY
G540	sp|Q9QZM0|UBQL2_MOUSE_Linker2	90	120	30	95	115	TSSGSGSGSSSSSTTAGNTMAAANYVASIF
G541	sp|Q9QZM0|UBQL2_MOUSE_Linker2	95	125	30	100	120	GSGSSSSSTTAGNTMAAANYVASIFSTPGM
G542	sp|Q9QZM0|UBQL2_MOUSE_Linker2	100	130	30	105	125	SSSTTAGNTMAAANYVASIFSTPGMQSLLQ
G543	sp|Q9QZM0|UBQL2_MOUSE_Linker2	104	134	30	109	129	TAGNTMAAANYVASIFSTPGMQSLLQQITE
G544	sp|Q9QZM0|UBQL2_MOUSE_Linker3	0	30	30	5	25	QIQQGLQTLATEAPGLIPSFAPGVGMGVLG
G545	sp|Q9QZM0|UBQL2_MOUSE_Linker3	5	35	30	10	30	LQTLATEAPGLIPSFAPGVGMGVLGTAITP
G546	sp|Q9QZM0|UBQL2_MOUSE_Linker3	10	40	30	15	35	TEAPGLIPSFAPGVGMGVLGTAITPVGPVT
G547	sp|Q9QZM0|UBQL2_MOUSE_Linker3	15	45	30	20	40	LIPSFAPGVGMGVLGTAITPVGPVTPIGPI
G548	sp|Q9QZM0|UBQL2_MOUSE_Linker3	20	50	30	25	45	APGVGMGVLGTAITPVGPVTPIGPIGPIVP
G549	sp|Q9QZM0|UBQL2_MOUSE_Linker3	25	55	30	30	50	MGVLGTAITPVGPVTPIGPIGPIVPFTPIG
G550	sp|Q9QZM0|UBQL2_MOUSE_Linker3	30	60	30	35	55	TAITPVGPVTPIGPIGPIVPFTPIGPIGPI
G551	sp|Q9QZM0|UBQL2_MOUSE_Linker3	35	65	30	40	60	VGPVTPIGPIGPIVPFTPIGPIGPIGPTGP
G552	sp|Q9QZM0|UBQL2_MOUSE_Linker3	40	70	30	45	65	PIGPIGPIVPFTPIGPIGPIGPTGPASSPG
G553	sp|Q9QZM0|UBQL2_MOUSE_Linker3	45	75	30	50	70	GPIVPFTPIGPIGPIGPTGPASSPGSTGTG
G554	sp|Q9QZM0|UBQL2_MOUSE_Linker3	50	80	30	55	75	FTPIGPIGPIGPTGPASSPGSTGTGIPPAT
G555	sp|Q9QZM0|UBQL2_MOUSE_Linker3	55	85	30	60	80	PIGPIGPTGPASSPGSTGTGIPPATTVSSS
G556	sp|Q9QZM0|UBQL2_MOUSE_Linker3	60	90	30	65	85	GPTGPASSPGSTGTGIPPATTVSSSAPTET
G557	sp|Q9QZM0|UBQL2_MOUSE_Linker3	65	95	30	70	90	ASSPGSTGTGIPPATTVSSSAPTETISPTS
G558	sp|Q9QZM0|UBQL2_MOUSE_Linker3	70	100	30	75	95	STGTGIPPATTVSSSAPTETISPTSESGPN
G559	sp|Q9QZM0|UBQL2_MOUSE_Linker3	75	105	30	80	100	IPPATTVSSSAPTETISPTSESGPNQQFIQ
G560	sp|Q9QZM0|UBQL2_MOUSE_Linker3	80	110	30	85	105	TVSSSAPTETISPTSESGPNQQFIQQMVQA
G561	sp|Q9QZM0|UBQL2_MOUSE_Linker3	85	115	30	90	110	APTETISPTSESGPNQQFIQQMVQALTGGS
G562	sp|Q9QZM0|UBQL2_MOUSE_Linker3	90	120	30	95	115	ISPTSESGPNQQFIQQMVQALTGGSPPQPP
G563	sp|Q9QZM0|UBQL2_MOUSE_Linker3	91	121	30	96	116	SPTSESGPNQQFIQQMVQALTGGSPPQPPN
G564	sp|Q99NB8|UBQL4_MOUSE_Linker1	0	30	30	5	25	TPQKAQDPVTAAASPPSTPDSASAPSTTPA
G565	sp|Q99NB8|UBQL4_MOUSE_Linker1	5	35	30	10	30	QDPVTAAASPPSTPDSASAPSTTPASPAAA
G566	sp|Q99NB8|UBQL4_MOUSE_Linker1	10	40	30	15	35	AAASPPSTPDSASAPSTTPASPAAAPVQPC
G567	sp|Q99NB8|UBQL4_MOUSE_Linker1	15	45	30	20	40	PSTPDSASAPSTTPASPAAAPVQPCSSGNT
G568	sp|Q99NB8|UBQL4_MOUSE_Linker1	20	50	30	25	45	SASAPSTTPASPAAAPVQPCSSGNTTSDAG
G569	sp|Q99NB8|UBQL4_MOUSE_Linker1	25	55	30	30	50	STTPASPAAAPVQPCSSGNTTSDAGSGGGP
G570	sp|Q99NB8|UBQL4_MOUSE_Linker1	30	60	30	35	55	SPAAAPVQPCSSGNTTSDAGSGGGPSPVAA
G571	sp|Q99NB8|UBQL4_MOUSE_Linker1	35	65	30	40	60	PVQPCSSGNTTSDAGSGGGPSPVAAEGPSS
G572	sp|Q99NB8|UBQL4_MOUSE_Linker1	40	70	30	45	65	SSGNTTSDAGSGGGPSPVAAEGPSSATASI
G573	sp|Q99NB8|UBQL4_MOUSE_Linker1	45	75	30	50	70	TSDAGSGGGPSPVAAEGPSSATASILSGFG
G574	sp|Q99NB8|UBQL4_MOUSE_Linker1	50	80	30	55	75	SGGGPSPVAAEGPSSATASILSGFGGILGL
G575	sp|Q99NB8|UBQL4_MOUSE_Linker1	55	85	30	60	80	SPVAAEGPSSATASILSGFGGILGLGSLGL
G576	sp|Q99NB8|UBQL4_MOUSE_Linker1	60	90	30	65	85	EGPSSATASILSGFGGILGLGSLGLGSANF
G577	sp|Q99NB8|UBQL4_MOUSE_Linker1	65	95	30	70	90	ATASILSGFGGILGLGSLGLGSANFMELQQ
G578	sp|Q99NB8|UBQL4_MOUSE_Linker1	70	100	30	75	95	LSGFGGILGLGSLGLGSANFMELQQQMQRQ
G579	sp|Q99NB8|UBQL4_MOUSE_Linker1	75	105	30	80	100	GILGLGSLGLGSANFMELQQQMQRQLMSNP
G580	sp|Q99NB8|UBQL4_MOUSE_Linker1	80	110	30	85	105	GSLGLGSANFMELQQQMQRQLMSNPEMLSQ
G581	sp|Q99NB8|UBQL4_MOUSE_Linker1	83	113	30	88	108	GLGSANFMELQQQMQRQLMSNPEMLSQIME
G582	sp|Q99NB8|UBQL4_MOUSE_Linker2	0	30	30	5	25	MRNQDRALSNLESVPGGYNALRRMYTDIQE
G583	sp|Q99NB8|UBQL4_MOUSE_Linker2	5	35	30	10	30	RALSNLESVPGGYNALRRMYTDIQEPMFTA
G584	sp|Q99NB8|UBQL4_MOUSE_Linker2	10	40	30	15	35	LESVPGGYNALRRMYTDIQEPMFTAAREQF
G585	sp|Q99NB8|UBQL4_MOUSE_Linker2	15	45	30	20	40	GGYNALRRMYTDIQEPMFTAAREQFGNNPF
G586	sp|Q99NB8|UBQL4_MOUSE_Linker2	20	50	30	25	45	LRRMYTDIQEPMFTAAREQFGNNPFSSLAG
G587	sp|Q99NB8|UBQL4_MOUSE_Linker2	25	55	30	30	50	TDIQEPMFTAAREQFGNNPFSSLAGNSDNS
G588	sp|Q99NB8|UBQL4_MOUSE_Linker2	30	60	30	35	55	PMFTAAREQFGNNPFSSLAGNSDNSSSQPL
G589	sp|Q99NB8|UBQL4_MOUSE_Linker2	35	65	30	40	60	AREQFGNNPFSSLAGNSDNSSSQPLRTENR
G590	sp|Q99NB8|UBQL4_MOUSE_Linker2	40	70	30	45	65	GNNPFSSLAGNSDNSSSQPLRTENREPLPN
G591	sp|Q99NB8|UBQL4_MOUSE_Linker2	45	75	30	50	70	SSLAGNSDNSSSQPLRTENREPLPNPWSPS
G592	sp|Q99NB8|UBQL4_MOUSE_Linker2	50	80	30	55	75	NSDNSSSQPLRTENREPLPNPWSPSPPTSQ
G593	sp|Q99NB8|UBQL4_MOUSE_Linker2	55	85	30	60	80	SSQPLRTENREPLPNPWSPSPPTSQAPGSG
G594	sp|Q99NB8|UBQL4_MOUSE_Linker2	60	90	30	65	85	RTENREPLPNPWSPSPPTSQAPGSGGEGTG
G595	sp|Q99NB8|UBQL4_MOUSE_Linker2	65	95	30	70	90	EPLPNPWSPSPPTSQAPGSGGEGTGGSGTS
G596	sp|Q99NB8|UBQL4_MOUSE_Linker2	70	100	30	75	95	PWSPSPPTSQAPGSGGEGTGGSGTSQVHPT
G597	sp|Q99NB8|UBQL4_MOUSE_Linker2	75	105	30	80	100	PPTSQAPGSGGEGTGGSGTSQVHPTVSNPF
G598	sp|Q99NB8|UBQL4_MOUSE_Linker2	80	110	30	85	105	APGSGGEGTGGSGTSQVHPTVSNPFGINAA
G599	sp|Q99NB8|UBQL4_MOUSE_Linker2	85	115	30	90	110	GEGTGGSGTSQVHPTVSNPFGINAASLGSG
G600	sp|Q99NB8|UBQL4_MOUSE_Linker2	90	120	30	95	115	GSGTSQVHPTVSNPFGINAASLGSGMFNSP
G601	sp|Q99NB8|UBQL4_MOUSE_Linker2	95	125	30	100	120	QVHPTVSNPFGINAASLGSGMFNSPEMQAL
G602	sp|Q99NB8|UBQL4_MOUSE_Linker2	100	130	30	105	125	VSNPFGINAASLGSGMFNSPEMQALLQQIS
G603	sp|Q99NB8|UBQL4_MOUSE_Linker2	105	135	30	110	130	GINAASLGSGMFNSPEMQALLQQISENPQL
G604	sp|Q99NB8|UBQL4_MOUSE_Linker2	110	140	30	115	135	SLGSGMFNSPEMQALLQQISENPQLMQNVI
G605	sp|Q99NB8|UBQL4_MOUSE_Linker2	111	141	30	116	136	LGSGMFNSPEMQALLQQISENPQLMQNVIS
G606	sp|Q99NB8|UBQL4_MOUSE_Linker3	0	30	30	5	25	NPRAMQALLQIQQGLQTLQTEAPGLVPSLG
G607	sp|Q99NB8|UBQL4_MOUSE_Linker3	5	35	30	10	30	QALLQIQQGLQTLQTEAPGLVPSLGSFGTP
G608	sp|Q99NB8|UBQL4_MOUSE_Linker3	10	40	30	15	35	IQQGLQTLQTEAPGLVPSLGSFGTPRTSVP
G609	sp|Q99NB8|UBQL4_MOUSE_Linker3	15	45	30	20	40	QTLQTEAPGLVPSLGSFGTPRTSVPLAGSN
G610	sp|Q99NB8|UBQL4_MOUSE_Linker3	20	50	30	25	45	EAPGLVPSLGSFGTPRTSVPLAGSNSGSSA
G611	sp|Q99NB8|UBQL4_MOUSE_Linker3	25	55	30	30	50	VPSLGSFGTPRTSVPLAGSNSGSSAEAPTS
G612	sp|Q99NB8|UBQL4_MOUSE_Linker3	30	60	30	35	55	SFGTPRTSVPLAGSNSGSSAEAPTSSPGVP
G613	sp|Q99NB8|UBQL4_MOUSE_Linker3	35	65	30	40	60	RTSVPLAGSNSGSSAEAPTSSPGVPATSPP
G614	sp|Q99NB8|UBQL4_MOUSE_Linker3	40	70	30	45	65	LAGSNSGSSAEAPTSSPGVPATSPPSAGSN
G615	sp|Q99NB8|UBQL4_MOUSE_Linker3	45	75	30	50	70	SGSSAEAPTSSPGVPATSPPSAGSNAQQQL
G616	sp|Q99NB8|UBQL4_MOUSE_Linker3	50	80	30	55	75	EAPTSSPGVPATSPPSAGSNAQQQLMQQMI
G617	sp|Q99NB8|UBQL4_MOUSE_Linker3	55	85	30	60	80	SPGVPATSPPSAGSNAQQQLMQQMIQLLSG
G618	sp|Q99NB8|UBQL4_MOUSE_Linker3	60	90	30	65	85	ATSPPSAGSNAQQQLMQQMIQLLSGSGNSQ
G619	sp|Q99NB8|UBQL4_MOUSE_Linker3	63	93	30	68	88	PPSAGSNAQQQLMQQMIQLLSGSGNSQVPM
G620	sp|Q8R317|UBQL1_MOUSE_Linker1	0	30	30	5	25	NRPQDNSAQQTNAPGSTVTSSPAPDSNPTS
G621	sp|Q8R317|UBQL1_MOUSE_Linker1	5	35	30	10	30	NSAQQTNAPGSTVTSSPAPDSNPTSGSAAN
G622	sp|Q8R317|UBQL1_MOUSE_Linker1	10	40	30	15	35	TNAPGSTVTSSPAPDSNPTSGSAANSSFGV
G623	sp|Q8R317|UBQL1_MOUSE_Linker1	15	45	30	20	40	STVTSSPAPDSNPTSGSAANSSFGVGGLGG
G624	sp|Q8R317|UBQL1_MOUSE_Linker1	20	50	30	25	45	SPAPDSNPTSGSAANSSFGVGGLGGLAGLS
G625	sp|Q8R317|UBQL1_MOUSE_Linker1	25	55	30	30	50	SNPTSGSAANSSFGVGGLGGLAGLSSLGLN
G626	sp|Q8R317|UBQL1_MOUSE_Linker1	30	60	30	35	55	GSAANSSFGVGGLGGLAGLSSLGLNTTNFS
G627	sp|Q8R317|UBQL1_MOUSE_Linker1	35	65	30	40	60	SSFGVGGLGGLAGLSSLGLNTTNFSELQSQ
G628	sp|Q8R317|UBQL1_MOUSE_Linker1	40	70	30	45	65	GGLGGLAGLSSLGLNTTNFSELQSQMQRQL
G629	sp|Q8R317|UBQL1_MOUSE_Linker1	43	73	30	48	68	GGLAGLSSLGLNTTNFSELQSQMQRQLLSN
G630	sp|Q8R317|UBQL1_MOUSE_Linker2	0	30	30	5	25	MRNQDRALSNLESIPGGYNALRRMYTDIQE
G631	sp|Q8R317|UBQL1_MOUSE_Linker2	5	35	30	10	30	RALSNLESIPGGYNALRRMYTDIQEPMLNA
G632	sp|Q8R317|UBQL1_MOUSE_Linker2	10	40	30	15	35	LESIPGGYNALRRMYTDIQEPMLNAAQEQF
G633	sp|Q8R317|UBQL1_MOUSE_Linker2	15	45	30	20	40	GGYNALRRMYTDIQEPMLNAAQEQFGGNPF
G634	sp|Q8R317|UBQL1_MOUSE_Linker2	20	50	30	25	45	LRRMYTDIQEPMLNAAQEQFGGNPFASLVS
G635	sp|Q8R317|UBQL1_MOUSE_Linker2	25	55	30	30	50	TDIQEPMLNAAQEQFGGNPFASLVSSSSSA
G636	sp|Q8R317|UBQL1_MOUSE_Linker2	30	60	30	35	55	PMLNAAQEQFGGNPFASLVSSSSSAEGTQP
G637	sp|Q8R317|UBQL1_MOUSE_Linker2	35	65	30	40	60	AQEQFGGNPFASLVSSSSSAEGTQPSRTEN
G638	sp|Q8R317|UBQL1_MOUSE_Linker2	40	70	30	45	65	GGNPFASLVSSSSSAEGTQPSRTENRDPLP
G639	sp|Q8R317|UBQL1_MOUSE_Linker2	45	75	30	50	70	ASLVSSSSSAEGTQPSRTENRDPLPNPWAP
G640	sp|Q8R317|UBQL1_MOUSE_Linker2	50	80	30	55	75	SSSSAEGTQPSRTENRDPLPNPWAPQTSQS
G641	sp|Q8R317|UBQL1_MOUSE_Linker2	55	85	30	60	80	EGTQPSRTENRDPLPNPWAPQTSQSSPASG
G642	sp|Q8R317|UBQL1_MOUSE_Linker2	60	90	30	65	85	SRTENRDPLPNPWAPQTSQSSPASGTTGST
G643	sp|Q8R317|UBQL1_MOUSE_Linker2	65	95	30	70	90	RDPLPNPWAPQTSQSSPASGTTGSTTNTMS
G644	sp|Q8R317|UBQL1_MOUSE_Linker2	70	100	30	75	95	NPWAPQTSQSSPASGTTGSTTNTMSTSGGT
G645	sp|Q8R317|UBQL1_MOUSE_Linker2	75	105	30	80	100	QTSQSSPASGTTGSTTNTMSTSGGTATSTP
G646	sp|Q8R317|UBQL1_MOUSE_Linker2	80	110	30	85	105	SPASGTTGSTTNTMSTSGGTATSTPAGQST
G647	sp|Q8R317|UBQL1_MOUSE_Linker2	85	115	30	90	110	TTGSTTNTMSTSGGTATSTPAGQSTSGPSL
G648	sp|Q8R317|UBQL1_MOUSE_Linker2	90	120	30	95	115	TNTMSTSGGTATSTPAGQSTSGPSLVPGAG
G649	sp|Q8R317|UBQL1_MOUSE_Linker2	95	125	30	100	120	TSGGTATSTPAGQSTSGPSLVPGAGASMFN
G650	sp|Q8R317|UBQL1_MOUSE_Linker2	100	130	30	105	125	ATSTPAGQSTSGPSLVPGAGASMFNTPGMQ
G651	sp|Q8R317|UBQL1_MOUSE_Linker2	105	135	30	110	130	AGQSTSGPSLVPGAGASMFNTPGMQSLLQQ
G652	sp|Q8R317|UBQL1_MOUSE_Linker2	109	139	30	114	134	TSGPSLVPGAGASMFNTPGMQSLLQQITEN
G653	sp|Q8R317|UBQL1_MOUSE_Linker3	0	30	30	5	25	QALLQIQQGLQTLATEAPGLIPGFTPGLAA
G654	sp|Q8R317|UBQL1_MOUSE_Linker3	5	35	30	10	30	IQQGLQTLATEAPGLIPGFTPGLAAGNSGG
G655	sp|Q8R317|UBQL1_MOUSE_Linker3	10	40	30	15	35	QTLATEAPGLIPGFTPGLAAGNSGGSSGTN
G656	sp|Q8R317|UBQL1_MOUSE_Linker3	15	45	30	20	40	EAPGLIPGFTPGLAAGNSGGSSGTNAPSTA
G657	sp|Q8R317|UBQL1_MOUSE_Linker3	20	50	30	25	45	IPGFTPGLAAGNSGGSSGTNAPSTAPSEDT
G658	sp|Q8R317|UBQL1_MOUSE_Linker3	25	55	30	30	50	PGLAAGNSGGSSGTNAPSTAPSEDTNPQGG
G659	sp|Q8R317|UBQL1_MOUSE_Linker3	30	60	30	35	55	GNSGGSSGTNAPSTAPSEDTNPQGGTAEPG
G660	sp|Q8R317|UBQL1_MOUSE_Linker3	35	65	30	40	60	SSGTNAPSTAPSEDTNPQGGTAEPGHQQFI
G661	sp|Q8R317|UBQL1_MOUSE_Linker3	40	70	30	45	65	APSTAPSEDTNPQGGTAEPGHQQFIQQMLQ
G662	sp|Q8R317|UBQL1_MOUSE_Linker3	45	75	30	50	70	PSEDTNPQGGTAEPGHQQFIQQMLQALAGV
G663	sp|Q8R317|UBQL1_MOUSE_Linker3	50	80	30	55	75	NPQGGTAEPGHQQFIQQMLQALAGVNPQLQ
G664	tr|Q4G000|Q4G000_DANRE_Linker1	0	30	30	5	25	AQKTSGAGSSQTSASSGPGPSQGSPSGTDT
G665	tr|Q4G000|Q4G000_DANRE_Linker1	5	35	30	10	30	GAGSSQTSASSGPGPSQGSPSGTDTPSPAG
G666	tr|Q4G000|Q4G000_DANRE_Linker1	10	40	30	15	35	QTSASSGPGPSQGSPSGTDTPSPAGNLGTP
G667	tr|Q4G000|Q4G000_DANRE_Linker1	15	45	30	20	40	SGPGPSQGSPSGTDTPSPAGNLGTPQGSGP
G668	tr|Q4G000|Q4G000_DANRE_Linker1	20	50	30	25	45	SQGSPSGTDTPSPAGNLGTPQGSGPSPTPS
G669	tr|Q4G000|Q4G000_DANRE_Linker1	25	55	30	30	50	SGTDTPSPAGNLGTPQGSGPSPTPSQPANI
G670	tr|Q4G000|Q4G000_DANRE_Linker1	30	60	30	35	55	PSPAGNLGTPQGSGPSPTPSQPANILAGFG
G671	tr|Q4G000|Q4G000_DANRE_Linker1	35	65	30	40	60	NLGTPQGSGPSPTPSQPANILAGFGDLSGL
G672	tr|Q4G000|Q4G000_DANRE_Linker1	40	70	30	45	65	QGSGPSPTPSQPANILAGFGDLSGLSNLGM
G673	tr|Q4G000|Q4G000_DANRE_Linker1	45	75	30	50	70	SPTPSQPANILAGFGDLSGLSNLGMGSANF
G674	tr|Q4G000|Q4G000_DANRE_Linker1	50	80	30	55	75	QPANILAGFGDLSGLSNLGMGSANFMELQQ
G675	tr|Q4G000|Q4G000_DANRE_Linker1	55	85	30	60	80	LAGFGDLSGLSNLGMGSANFMELQQQMQRQ
G676	tr|Q4G000|Q4G000_DANRE_Linker1	58	88	30	63	83	FGDLSGLSNLGMGSANFMELQQQMQRQLMS
G677	tr|Q4G000|Q4G000_DANRE_Linker2	0	30	30	5	25	MRNQDRALSNLESIPGGYNALRRMYTDIQE
G678	tr|Q4G000|Q4G000_DANRE_Linker2	5	35	30	10	30	RALSNLESIPGGYNALRRMYTDIQEPMFSA
G679	tr|Q4G000|Q4G000_DANRE_Linker2	10	40	30	15	35	LESIPGGYNALRRMYTDIQEPMFSAAREQF
G680	tr|Q4G000|Q4G000_DANRE_Linker2	15	45	30	20	40	GGYNALRRMYTDIQEPMFSAAREQFGNNPF
G681	tr|Q4G000|Q4G000_DANRE_Linker2	20	50	30	25	45	LRRMYTDIQEPMFSAAREQFGNNPFSALGG
G682	tr|Q4G000|Q4G000_DANRE_Linker2	25	55	30	30	50	TDIQEPMFSAAREQFGNNPFSALGGNGENP
G683	tr|Q4G000|Q4G000_DANRE_Linker2	30	60	30	35	55	PMFSAAREQFGNNPFSALGGNGENPGTQPS
G684	tr|Q4G000|Q4G000_DANRE_Linker2	35	65	30	40	60	AREQFGNNPFSALGGNGENPGTQPSRTENR
G685	tr|Q4G000|Q4G000_DANRE_Linker2	40	70	30	45	65	GNNPFSALGGNGENPGTQPSRTENREPLPN
G686	tr|Q4G000|Q4G000_DANRE_Linker2	45	75	30	50	70	SALGGNGENPGTQPSRTENREPLPNPWGPP
G687	tr|Q4G000|Q4G000_DANRE_Linker2	50	80	30	55	75	NGENPGTQPSRTENREPLPNPWGPPDGTAS
G688	tr|Q4G000|Q4G000_DANRE_Linker2	55	85	30	60	80	GTQPSRTENREPLPNPWGPPDGTASTTSSG
G689	tr|Q4G000|Q4G000_DANRE_Linker2	60	90	30	65	85	RTENREPLPNPWGPPDGTASTTSSGTPTTT
G690	tr|Q4G000|Q4G000_DANRE_Linker2	65	95	30	70	90	EPLPNPWGPPDGTASTTSSGTPTTTSSTTS
G691	tr|Q4G000|Q4G000_DANRE_Linker2	70	100	30	75	95	PWGPPDGTASTTSSGTPTTTSSTTSSTTPS
G692	tr|Q4G000|Q4G000_DANRE_Linker2	75	105	30	80	100	DGTASTTSSGTPTTTSSTTSSTTPSVSNPL
G693	tr|Q4G000|Q4G000_DANRE_Linker2	80	110	30	85	105	TTSSGTPTTTSSTTSSTTPSVSNPLGISSS
G694	tr|Q4G000|Q4G000_DANRE_Linker2	85	115	30	90	110	TPTTTSSTTSSTTPSVSNPLGISSSNLGNG
G695	tr|Q4G000|Q4G000_DANRE_Linker2	90	120	30	95	115	SSTTSSTTPSVSNPLGISSSNLGNGMFNSP
G696	tr|Q4G000|Q4G000_DANRE_Linker2	95	125	30	100	120	STTPSVSNPLGISSSNLGNGMFNSPGMQSL
G697	tr|Q4G000|Q4G000_DANRE_Linker2	100	130	30	105	125	VSNPLGISSSNLGNGMFNSPGMQSLMQQIS
G698	tr|Q4G000|Q4G000_DANRE_Linker2	105	135	30	110	130	GISSSNLGNGMFNSPGMQSLMQQISENPQL
G699	tr|Q4G000|Q4G000_DANRE_Linker2	110	140	30	115	135	NLGNGMFNSPGMQSLMQQISENPQLMQNMI
G700	tr|Q4G000|Q4G000_DANRE_Linker2	112	142	30	117	137	GNGMFNSPGMQSLMQQISENPQLMQNMISA
G701	tr|Q4G000|Q4G000_DANRE_Linker3	0	30	30	5	25	PRAMRALMQIQEGLQTLQTEAPGLMPGLGP
G702	tr|Q4G000|Q4G000_DANRE_Linker3	5	35	30	10	30	ALMQIQEGLQTLQTEAPGLMPGLGPGGMPG
G703	tr|Q4G000|Q4G000_DANRE_Linker3	10	40	30	15	35	QEGLQTLQTEAPGLMPGLGPGGMPGGIPVG
G704	tr|Q4G000|Q4G000_DANRE_Linker3	15	45	30	20	40	TLQTEAPGLMPGLGPGGMPGGIPVGMPGAP
G705	tr|Q4G000|Q4G000_DANRE_Linker3	20	50	30	25	45	APGLMPGLGPGGMPGGIPVGMPGAPLPTGV
G706	tr|Q4G000|Q4G000_DANRE_Linker3	25	55	30	30	50	PGLGPGGMPGGIPVGMPGAPLPTGVTVTPE
G707	tr|Q4G000|Q4G000_DANRE_Linker3	30	60	30	35	55	GGMPGGIPVGMPGAPLPTGVTVTPENPPPS
G708	tr|Q4G000|Q4G000_DANRE_Linker3	35	65	30	40	60	GIPVGMPGAPLPTGVTVTPENPPPSGQGST
G709	tr|Q4G000|Q4G000_DANRE_Linker3	40	70	30	45	65	MPGAPLPTGVTVTPENPPPSGQGSTPTPTA
G710	tr|Q4G000|Q4G000_DANRE_Linker3	45	75	30	50	70	LPTGVTVTPENPPPSGQGSTPTPTAGASPA
G711	tr|Q4G000|Q4G000_DANRE_Linker3	50	80	30	55	75	TVTPENPPPSGQGSTPTPTAGASPAQQQLM
G712	tr|Q4G000|Q4G000_DANRE_Linker3	55	85	30	60	80	NPPPSGQGSTPTPTAGASPAQQQLMQQMLQ
G713	tr|Q4G000|Q4G000_DANRE_Linker3	60	90	30	65	85	GQGSTPTPTAGASPAQQQLMQQMLQMFAGG
G714	tr|Q4G000|Q4G000_DANRE_Linker3	65	95	30	70	90	PTPTAGASPAQQQLMQQMLQMFAGGSASTQ
