residue_number,unbound_mean,unbound_std
248,nan,nan
249,nan,nan
250,nan,nan
251,nan,nan
252,14.897828822563367,8.562504706057066
253,18.252022663768965,12.547289643772592
254,18.84214527870196,11.851683510054036
255,17.011760975013633,8.928662351326459
256,16.901165308864066,9.024193406772842
257,21.86027118248826,9.282425878035571
258,25.581684961054776,9.843218444763506
259,29.143539081657018,12.71264857256208
260,30.409850879944933,11.142954164556677
261,33.769511688771004,17.15555510357433
262,37.8547462805266,25.298333232798985
263,43.14244059947035,23.293212730426568
264,46.96799081178935,28.781234560535488
265,41.744447283174345,12.863444072070992
266,42.410600786952415,12.403534974151876
267,39.44409653827184,14.314202466783968
268,41.72274590750985,17.55670636657792
269,47.1626361887529,17.42284216182935
270,54.01109989403936,20.339721034358583
271,53.057889719033604,18.167290267461752
272,49.871900400747606,21.51286090541651
273,43.921325235561525,15.901424521980585
274,40.166458583400726,13.08378887352977
275,39.28275492120731,13.33850541772969
276,39.39277463768667,14.953208663718051
277,35.8124404354082,15.565905092108682
278,36.43193479642835,17.33974255904054
279,35.38609877085389,18.74744531241058
280,36.46686238560555,14.043406491972862
281,36.983357040384504,11.820183661634518
282,32.21902578578733,10.519299086037606
283,33.698575439695034,10.53846960284411
284,32.41676244224166,10.556700404360724
285,39.99241244461631,18.567324861119694
286,40.917939756998656,21.750911421925114
287,43.48286826146821,26.67566902439895
288,37.212611587310185,22.015337625305417
289,36.59497433957491,16.56958380936958
290,32.25801116146263,13.454152740247117
291,32.24776355219461,10.728091827613001
292,35.47776764185777,14.597194016683119
293,37.31771499190991,18.47780456604859
294,35.708515723819055,13.40236314105508
295,31.852142603003422,8.720718731555596
296,30.73451294196103,8.109037624324785
297,29.86218134259209,7.948883776195659
298,31.367676196694187,9.05813327888303
299,29.97458935253663,13.22632338230035
300,32.52248465308154,14.589018145394986
301,31.010105423472357,15.746544822904522
302,29.815652256199275,14.610955354469667
303,26.424201196248486,10.383111119065296
304,26.640436826953533,12.180330791695622
305,25.925087375719393,9.842120753613687
306,27.23926963207685,12.402381660543229
307,26.677753382705347,11.224748453237384
308,27.68983347234046,8.284545277171473
309,28.02247792406037,8.719491031670058
310,31.499839696504964,11.273799838420926
311,37.05745129565511,13.311110830885651
312,38.73255620108219,12.655818618399381
313,39.343000898611,16.77814843116559
314,41.03839223557916,17.035124166844618
315,36.53175904512372,14.683904471872086
316,28.688010699512535,7.961445644552305
317,25.806368829325677,7.814314528795269
318,27.259195474255275,7.371873527643646
319,30.222016034463966,6.913180062389779
320,29.814516341183207,10.155758935183284
321,27.41170853315228,11.357436295788904
322,25.152785102306137,8.223223530693447
323,29.487336566732008,25.736204154820346
324,23.980472561111622,12.177290850179578
325,20.824122156082158,7.4417714639502055
326,18.12575892422991,6.7583404850188264
327,16.40763013324028,4.694862206847716
328,17.18351995119616,5.155736574325347
329,18.476413347388554,5.845739663707484
330,19.718458521536775,6.08310987979855
331,19.92067819298059,6.070297749855052
332,20.66553548697179,5.147946841966442
333,19.076715707711017,5.392454207775896
334,19.757203218710448,6.786763642385428
335,19.12118220751375,7.086420596484062
336,19.149244692545643,6.319121308925187
337,19.08940306161928,6.995320680281815
338,19.246221901934973,6.807402642309291
339,18.443682060161787,6.178549106542432
340,18.22313083181469,6.221060292056979
341,18.11008877905913,5.190207593186358
342,16.59747996078414,4.438118444005085
343,16.560682820255373,4.517890793825252
344,15.616535869207919,3.5367760824160293
345,15.545273907113645,3.605678663512673
346,15.356133649127283,2.940519315049832
347,15.336888409503786,3.4465669638670744
348,14.26908482007877,2.2487795080293678
349,14.729789581090651,2.6830585321159
350,14.577865139787646,2.773335836053324
351,14.61646240228296,3.275052015745761
352,15.542433911929635,2.9773827209325856
353,15.850314367943222,4.199056751107674
354,15.712815767961116,3.835607891480998
355,16.077133125949725,4.075635802254008
356,16.330673179302014,4.307454016860853
357,17.084342767489208,5.000340803814938
358,17.704679151507406,4.862322275132399
359,17.73159185363468,5.281748953850247
360,17.448084456977888,4.714589831245776
361,17.38766570387828,5.009118492524789
362,17.283252559852126,4.817106263863753
363,16.810247052546277,4.796917588535699
364,15.913696821535751,4.284515573043251
365,14.96366020770342,4.175593026986796
366,13.596799315797707,3.589183321634461
367,12.512157782988577,3.334610824778377
368,11.436425462990757,3.250900404064134
369,9.746550043392931,2.7046286513434707
370,8.044774943549815,2.3009151676658157
371,6.604352722223216,2.0868983744720366
372,5.282249855297623,1.7716262860723915
373,4.392878019462381,1.4963049132591142
374,4.088306291899385,1.1895943503360689
375,4.503157348477709,0.9645633375799249
376,5.073991233187171,1.357256970485916
377,2.604523425926933,1.0514960265115034
378,0.0,0.0
